{"type": "FeatureCollection", "features": [{"type": "Feature", "properties": {"name": "ABAugeLinks 01"}, "geometry": {"type": "Polygon", "coordinates": [[[8.581781924462366, 47.37797147036549], [8.581656833225932, 47.37799976838206], [8.581531918708992, 47.378028071667714], [8.581407027457708, 47.37805636968451], [8.581282336251084, 47.378084567694984], [8.581157511410384, 47.37811287331927], [8.5810327274053, 47.37814116969124], [8.5809079434807, 47.378169366057875], [8.580783012418829, 47.37819760526665], [8.580652861476784, 47.3782252673163], [8.580517879110124, 47.378251489055955], [8.580383176364982, 47.37827420402518], [8.580248728334164, 47.37829343921539], [8.58011497272722, 47.37830898298333], [8.579983099500016, 47.37831996417487], [8.579858271972233, 47.37832669555636], [8.579739596571777, 47.37833007209492], [8.579621962316821, 47.37833226341902], [8.579505719316991, 47.37833325950318], [8.579390461613066, 47.378333159885585], [8.579274416429906, 47.378331965595756], [8.579156853252343, 47.3783290812201], [8.579037531533325, 47.378324606655816], [8.578913300952046, 47.37831794789682], [8.578780914196196, 47.37830859826882], [8.578645294791768, 47.37829713887768], [8.57850790723486, 47.37828455833119], [8.578369425860012, 47.37827156945791], [8.57826512662905, 47.378261476000695], [8.578262753653535, 47.378272789285454], [8.578367070808401, 47.37828288447732], [8.57836710662397, 47.37828288788997], [8.578505619336944, 47.37829587970275], [8.578505646128544, 47.37829588218585], [8.578643089789834, 47.37830846786991], [8.578643175206443, 47.3783084753892], [8.57877892151831, 47.378319945503684], [8.578779089996257, 47.37831995856951], [8.578911665086695, 47.378329321498455], [8.578911873263408, 47.37832933442667], [8.579036307010147, 47.37833600407542], [8.579036505031183, 47.37833601309402], [8.579156005851493, 47.3783404943747], [8.57915616589527, 47.378340499338385], [8.579273897227614, 47.378343387839706], [8.579274073420573, 47.378343390907446], [8.579390265106493, 47.37834458670512], [8.579390381828611, 47.37834458735615], [8.579505756325894, 47.37834468707476], [8.579505873128404, 47.378344686624835], [8.579622236804084, 47.378343689506686], [8.579622361289337, 47.37834368781395], [8.579740118529008, 47.378341494198935], [8.579740239951427, 47.37834149134079], [8.579859133086256, 47.378338108607316], [8.579859446756288, 47.37833809569219], [8.579984610272495, 47.378331346192454], [8.579984968108212, 47.37833132165693], [8.58011721806477, 47.37832030909488], [8.580117613028898, 47.37832026972361], [8.580251723614142, 47.378304684703615], [8.580252038779678, 47.37830464386127], [8.580386790982189, 47.378285365153836], [8.580387084051246, 47.37828531949466], [8.580522076521547, 47.37826255566881], [8.580522362705166, 47.378262503759366], [8.580657587370245, 47.378236234950435], [8.580657786342394, 47.37823619448634], [8.580788108669271, 47.37820849601046], [8.580788252735475, 47.37820846442126], [8.580913254436409, 47.37818020924486], [8.58103804217423, 47.37815201201609], [8.581038050633268, 47.378152010101296], [8.58116283886978, 47.37812371276927], [8.581287653868365, 47.37809540937428], [8.58141234411203, 47.37806721158106], [8.581537242314404, 47.378038911989805], [8.581662151084334, 47.37801061000511], [8.581787242716569, 47.3779823118985], [8.58183063688994, 47.37797247636795], [8.581825311720902, 47.37796163640141], [8.581781924462366, 47.37797147036549]]]}}, {"type": "Feature", "properties": {"name": "ABAugeLinks 02"}, "geometry": {"type": "Polygon", "coordinates": [[[8.581774509193842, 47.37795636123973], [8.581649424420037, 47.37798465779362], [8.58152449921916, 47.37801296349744], [8.581399614419738, 47.37804126005163], [8.581274929671608, 47.37806945660086], [8.58115008654911, 47.3780977663644], [8.581025314328667, 47.37812606006338], [8.580900542221972, 47.37815425375891], [8.58077580909, 47.37818244822732], [8.580646135832211, 47.37821000875026], [8.580511828812881, 47.37823609929629], [8.580377933609817, 47.378258678089225], [8.580244333390137, 47.378277791984836], [8.580111567210478, 47.37829322077133], [8.5799807440404, 47.37830411452383], [8.579856853009101, 47.3783107954044], [8.579738784484098, 47.3783141546762], [8.579621493003613, 47.37831633961513], [8.579505586342169, 47.3783173328173], [8.579390654149613, 47.378317233481155], [8.579275017295108, 47.37831604339382], [8.579157922796922, 47.37831317051717], [8.579039100270025, 47.37830871467272], [8.578915435954857, 47.378302086265705], [8.57878357412224, 47.37829277370977], [8.578648308418751, 47.378281344205234], [8.578511077216005, 47.37826877797619], [8.578372683148404, 47.37825579729211], [8.57828732373388, 47.3782475367247], [8.578284950763754, 47.378258850009956], [8.578370328098142, 47.37826711231159], [8.578370363913704, 47.37826711572426], [8.578508789319539, 47.37828009934783], [8.578508816111128, 47.378280101830946], [8.578646103418162, 47.378292673197556], [8.578646188834744, 47.378292680716854], [8.578781581445527, 47.37830412094471], [8.578781749923426, 47.37830413401052], [8.578913800090481, 47.37831345986741], [8.57891400826713, 47.378313472795625], [8.57903787574758, 47.37832011209237], [8.579038073768555, 47.37832012111097], [8.57915707539658, 47.378324583671805], [8.579157235440308, 47.37832458863548], [8.579274498093127, 47.37832746563781], [8.579274674286033, 47.37832746870555], [8.57939045764316, 47.37832866030073], [8.579390574365242, 47.378328660951766], [8.579505623351054, 47.378328760388925], [8.579505740153532, 47.378328759939], [8.579621767490718, 47.37832776570281], [8.579621891975934, 47.37832776401008], [8.57973930644102, 47.378325576780234], [8.579739427863402, 47.37832557392209], [8.57985771412258, 47.37832220845539], [8.579858027792518, 47.378322195540264], [8.579982254811943, 47.37831549654147], [8.579982612647552, 47.37831547200596], [8.58011381254666, 47.37830454688298], [8.580114207510674, 47.37830450751172], [8.580247328668307, 47.37828903747321], [8.580247643833752, 47.37828899663087], [8.58038154822488, 47.37826983921806], [8.580381841293857, 47.378269793558886], [8.580516026221844, 47.378247165909386], [8.580516312405384, 47.378247113999954], [8.580650861722908, 47.37822097638469], [8.580651060695, 47.378220935920616], [8.580780905337429, 47.37819333897148], [8.580781049403592, 47.37819330738229], [8.580905853154261, 47.37816509695087], [8.581030629094355, 47.378136902388626], [8.581030637553392, 47.378136900473834], [8.581155414005, 47.378108605814894], [8.581280247283074, 47.378080298281134], [8.581404931070631, 47.37805210194864], [8.581529822821386, 47.37802380381991], [8.581654742264343, 47.37799549941954], [8.581779827442194, 47.377967202773746], [8.581815535056199, 47.37795910944657], [8.581810209891675, 47.3779482694793], [8.581774509193842, 47.37795636123973]]]}}, {"type": "Feature", "properties": {"name": "ABAugeLinks 03"}, "geometry": {"type": "Polygon", "coordinates": [[[8.581767093949546, 47.37794125210892], [8.581642015618351, 47.377969547204685], [8.581517079733546, 47.3779978553266], [8.581392201346492, 47.3780261504272], [8.581267523096335, 47.37805434550625], [8.581142661692054, 47.37808265940904], [8.581017901245787, 47.37811095043736], [8.58089314096745, 47.37813914145944], [8.58076860576472, 47.378167291187594], [8.580639410191885, 47.378194750183745], [8.580505778518493, 47.37822070953638], [8.580372690858376, 47.37824315215286], [8.580239938448665, 47.378262144754096], [8.58010816169574, 47.37827745855918], [8.579978388582179, 47.37828826487269], [8.579855434046129, 47.37829489525241], [8.579737972398583, 47.3782982372574], [8.579621023690652, 47.378300415811175], [8.579505453365625, 47.378301406131385], [8.579390846687787, 47.37830130707672], [8.579275618159917, 47.37830012119183], [8.579158992340819, 47.37829725981416], [8.579040669005238, 47.37829282268953], [8.57891757095588, 47.37828622463448], [8.578786234047232, 47.37827694915064], [8.578651322045122, 47.37826554953281], [8.578514247195418, 47.37825299762109], [8.578375940429098, 47.37824002512557], [8.578309520827013, 47.37823359744432], [8.578307147862272, 47.37824491073009], [8.578373585380277, 47.378251340145184], [8.578373621195826, 47.37825134355785], [8.578511959300206, 47.37826431899284], [8.578511986091792, 47.37826432147594], [8.578649117045861, 47.37827687852523], [8.578649202462419, 47.37827688604452], [8.578784241371727, 47.37828829638567], [8.578784409849574, 47.37828830945147], [8.578915935092462, 47.378297598236244], [8.578916143269055, 47.378297611164456], [8.579039444483522, 47.37830422010923], [8.579039642504439, 47.37830422912782], [8.57915814494099, 47.378308672968835], [8.579158304984672, 47.37830867793251], [8.579275098958245, 47.37831154343585], [8.579275275151094, 47.37831154650359], [8.579390650181457, 47.37831273389631], [8.57939076690351, 47.37831273454734], [8.579505490374494, 47.37831283370304], [8.57950560717693, 47.3783128332531], [8.579621298177596, 47.378311841898906], [8.579621422662777, 47.378311840206166], [8.5797384943552, 47.378309659361484], [8.579738615777547, 47.378309656503326], [8.579856295159072, 47.37830630830344], [8.579856608828916, 47.37830629538833], [8.579979899352779, 47.378299646890376], [8.579980257188279, 47.378299622354874], [8.580110407030542, 47.37828878467093], [8.580110801994442, 47.37828874529968], [8.580242933725048, 47.378273390242605], [8.580243248890405, 47.37827334940028], [8.580376305471285, 47.3782543132819], [8.580376598540179, 47.378254267622744], [8.580509975924976, 47.37823177614973], [8.580510262108438, 47.3782317242403], [8.580644136079878, 47.37820571781845], [8.58064433505192, 47.378205677354394], [8.580773702009067, 47.37817818193215], [8.580773846075182, 47.37817815034295], [8.580898451876315, 47.37814998465637], [8.581023216008676, 47.37812179276293], [8.581023224467712, 47.37812179084814], [8.581147989144435, 47.37809349885999], [8.58127284070084, 47.37806518718779], [8.581397517994771, 47.37803699232448], [8.581522403332583, 47.378008695649484], [8.581647333468151, 47.377980388829045], [8.581772412191642, 47.377952093644026], [8.581800433230026, 47.377945742523146], [8.58179510807001, 47.377934902555126], [8.581767093949546, 47.37794125210892]]]}}, {"type": "Feature", "properties": {"name": "ABAugeLinks 04"}, "geometry": {"type": "Polygon", "coordinates": [[[8.581759678670249, 47.377926142986475], [8.581634606820876, 47.37795443661523], [8.581509660252143, 47.37798274715529], [8.581384788296994, 47.37801104079784], [8.581260116525266, 47.37803923441115], [8.581135236839215, 47.37806755245317], [8.581010488177347, 47.378095840808534], [8.580885739717129, 47.37812402915949], [8.580761402443551, 47.378152134147406], [8.580632684554992, 47.378179491616855], [8.58049972822824, 47.37820531977603], [8.580367448109637, 47.37822762621631], [8.580235543509454, 47.37824649752319], [8.580104756183013, 47.3782616963469], [8.579976033125309, 47.378272415221495], [8.579854015084312, 47.37827899510036], [8.579737160312678, 47.37828231983855], [8.579620554378778, 47.378284492007154], [8.579505320389124, 47.378285479445424], [8.579391039224925, 47.37828538067219], [8.579276219024331, 47.378284198989796], [8.579160061884043, 47.37828134911111], [8.579042237739998, 47.37827693070629], [8.578919705956055, 47.37827036300318], [8.578788893970026, 47.37826112459136], [8.578654335668471, 47.378249754860136], [8.578517417176489, 47.378237217266154], [8.578379197707738, 47.37822425295891], [8.57833171790843, 47.378219658159615], [8.57832934494909, 47.37823097144588], [8.578376842660441, 47.37823556797863], [8.578376878475979, 47.378235571391286], [8.578515129282723, 47.378248538638005], [8.5785151560743, 47.37824854112111], [8.578652130670527, 47.37826108385264], [8.57865221608706, 47.37826109137194], [8.578786901295704, 47.37827247182647], [8.578787069773501, 47.378272484892285], [8.578918070093625, 47.37828173660501], [8.57891827827015, 47.378281749533215], [8.579041013219001, 47.37828832812604], [8.579041211239861, 47.37828833714464], [8.579159214484724, 47.37829276226582], [8.579159374528356, 47.37829276722949], [8.57927569982297, 47.37829562123387], [8.579275876015767, 47.37829562430158], [8.579390842718718, 47.37829680749183], [8.579390959440735, 47.378296808142856], [8.579505357397977, 47.3782969070171], [8.57950547420038, 47.37829690656716], [8.579620828865561, 47.37829591809491], [8.579620953350704, 47.37829591640217], [8.579737682268979, 47.378293741942656], [8.579737803691286, 47.37829373908451], [8.579854876196709, 47.37829040815144], [8.579855189866459, 47.37829039523633], [8.579977543894985, 47.37828379723924], [8.579977901730384, 47.37828377270374], [8.58010700151643, 47.37827302245873], [8.580107396480209, 47.378272983087506], [8.58023853878404, 47.378257743011844], [8.580238853949306, 47.378257702169535], [8.580371062720403, 47.37823878734552], [8.580371355789216, 47.378238741686374], [8.580503925632263, 47.37821638638962], [8.580504211815647, 47.37821633448021], [8.580637410440248, 47.378190459251876], [8.58063760941224, 47.37819041878783], [8.580766498685433, 47.37816302489218], [8.580766642751504, 47.37816299330301], [8.580891050702835, 47.378134872338734], [8.58101580293722, 47.37810668313447], [8.58101581139625, 47.37810668121968], [8.58114056428809, 47.378078391904594], [8.581265434122532, 47.37805007609401], [8.581390104942257, 47.378021882695485], [8.581514983847994, 47.37799358747858], [8.5816399246556, 47.37796527824267], [8.581764996925692, 47.37793698451825], [8.581785331411416, 47.37793237559767], [8.581780006255908, 47.377921535628914], [8.581759678670249, 47.377926142986475]]]}}, {"type": "Feature", "properties": {"name": "ABAugeLinks 05"}, "geometry": {"type": "Polygon", "coordinates": [[[8.581752263450314, 47.37791103385107], [8.581627198027608, 47.37793932602528], [8.581502240774954, 47.37796763898347], [8.581377375271654, 47.37799593116344], [8.581252709958406, 47.37802412331551], [8.581127811990587, 47.37805244549678], [8.581003075102885, 47.37808073118152], [8.580878338471013, 47.37810891685902], [8.580754199126487, 47.37813697710673], [8.580625958921935, 47.37816423304957], [8.580493677941483, 47.3781899300153], [8.580362205363627, 47.3782121002795], [8.580231148573132, 47.37823085029205], [8.580101350672528, 47.378245934134455], [8.579973677669555, 47.37825656557019], [8.579852596123647, 47.37826309494822], [8.579736348227202, 47.378266402419676], [8.579620085065494, 47.378268568203126], [8.57950518741356, 47.37826955275942], [8.5793912317628, 47.378269454267645], [8.579276819887761, 47.37826827678772], [8.579161131426593, 47.378265438408036], [8.579043806473779, 47.378261038723], [8.578921840954925, 47.37825450137179], [8.578791553891197, 47.378245300031985], [8.578657349291174, 47.37823396018742], [8.578520587148127, 47.37822143691039], [8.57838245499021, 47.378208480792665], [8.578353914978177, 47.3782057188705], [8.578351542024222, 47.37821703215726], [8.57838009994426, 47.37821979581248], [8.578380135759788, 47.37821979922513], [8.578518299255776, 47.378232758282344], [8.578518326047345, 47.37823276076545], [8.578655144294553, 47.37824528918003], [8.578655229711062, 47.37824529669932], [8.578789561218056, 47.37825664726717], [8.578789729695803, 47.37825666033297], [8.578920205093473, 47.378265874973685], [8.578920413269936, 47.37826588790189], [8.579042581953507, 47.3782724361428], [8.57904277997431, 47.37827244516139], [8.579160284027786, 47.37827685156277], [8.57916044407137, 47.37827685652643], [8.57927630068671, 47.378279699031815], [8.579276476879453, 47.37827970209955], [8.579391035256721, 47.3782808810873], [8.5793911519787, 47.378280881738334], [8.579505224422395, 47.37828098033115], [8.579505341224765, 47.378280979881204], [8.579620359552113, 47.37827999429091], [8.579620484037216, 47.37827999259818], [8.579736870183213, 47.37827782452381], [8.57973699160549, 47.37827782166568], [8.5798534572355, 47.37827450799933], [8.57985377090515, 47.37827449508422], [8.57997518843829, 47.37826794758799], [8.579975546273582, 47.37826792305251], [8.58010359600457, 47.37825726024639], [8.580103990968237, 47.37825722087516], [8.580234143845916, 47.37824209578084], [8.580234459011091, 47.37824205493853], [8.580365819972249, 47.37822326140892], [8.58036611304098, 47.378223215749784], [8.580497875343031, 47.37820099662914], [8.58049816152634, 47.37820094471975], [8.58063068480446, 47.37817520068488], [8.5806308837764, 47.37817516022084], [8.580759295365283, 47.378147867851894], [8.580759439431308, 47.37814783626272], [8.580883649426498, 47.37811976004477], [8.58100838985996, 47.37809157350776], [8.58100839831899, 47.37809157159297], [8.581133139435957, 47.37806328494869], [8.58125802756275, 47.37803496499645], [8.581382691913083, 47.378006773061635], [8.581507564367616, 47.37797847930714], [8.581632515870751, 47.37795016765049], [8.58175758170235, 47.3779218753833], [8.581770229600409, 47.37791900867019], [8.581764904449408, 47.37790816870069], [8.581752263450314, 47.37791103385107]]]}}, {"type": "Feature", "properties": {"name": "ABAugeLinks 06"}, "geometry": {"type": "Polygon", "coordinates": [[[8.581744848201488, 47.37789592472262], [8.581619789238545, 47.3779242154348], [8.581494821301979, 47.37795253081114], [8.581369962231388, 47.37798082153289], [8.581245303395754, 47.378009012219394], [8.58112038714618, 47.37803733853989], [8.580995662042866, 47.378065621551684], [8.580870937229104, 47.378093804558034], [8.580746995814648, 47.37812182006535], [8.58061923329232, 47.378148974481924], [8.580487627658217, 47.378174540254236], [8.580356962620987, 47.3781965743424], [8.580226753639069, 47.37821520306072], [8.58009794516379, 47.378230171921906], [8.579971322215464, 47.3782407159188], [8.579851177163464, 47.37824719479607], [8.579735536142222, 47.37825048500073], [8.579619615754112, 47.37825264439903], [8.579505054438043, 47.37825362607339], [8.579391424298752, 47.378253527863045], [8.579277420751387, 47.378252354585605], [8.57916220096847, 47.37824952770485], [8.579045375206048, 47.37824514673958], [8.578923975953007, 47.378238639740374], [8.578794213810713, 47.378229475472445], [8.578660362910844, 47.37821816551448], [8.578523757125506, 47.378205656555224], [8.578385712265051, 47.378192708625726], [8.578376112036212, 47.37819177957702], [8.578373739087644, 47.378203092864304], [8.578383357220494, 47.37820402364564], [8.578383393036015, 47.378204027058295], [8.578521469234447, 47.37821697792727], [8.578521496026008, 47.37821698041037], [8.578658157915553, 47.37822949450719], [8.578658243332038, 47.37822950202648], [8.578792221138784, 47.378240822707724], [8.578792389616478, 47.378240835773546], [8.578922340092502, 47.37825001334233], [8.57892254826891, 47.37825002627053], [8.579044150686522, 47.37825654415944], [8.579044348707262, 47.378256553178026], [8.579161353570166, 47.378260940859654], [8.579161513613702, 47.37826094582333], [8.579276901550642, 47.37826377682974], [8.579277077743335, 47.378263779897466], [8.579391227792794, 47.37826495468275], [8.57939134451474, 47.37826495533376], [8.579505091446862, 47.37826505364512], [8.579505208249198, 47.37826505319519], [8.579619890240574, 47.37826407048685], [8.57962001472564, 47.37826406879412], [8.579736058097907, 47.37826190710491], [8.579736179520143, 47.37826190424677], [8.579852038274778, 47.37825860784722], [8.579852351944341, 47.37825859493211], [8.579972832983263, 47.37825209793667], [8.579973190818448, 47.37825207340118], [8.580100190494456, 47.37824149803392], [8.580100585458004, 47.37824145866273], [8.58022974891005, 47.378226448549654], [8.580230064075137, 47.37822640770737], [8.58036057722747, 47.378207735471996], [8.580360870296122, 47.37820768981287], [8.580491825057292, 47.378185606868314], [8.580492111240522, 47.378185554958925], [8.580623959172087, 47.37815994211754], [8.580624158143973, 47.37815990165352], [8.58075209205046, 47.37813271081086], [8.580752236116444, 47.3781326792217], [8.58087624816797, 47.37810464774723], [8.581000976796922, 47.37807646387828], [8.581000985255951, 47.37807646196349], [8.581125714588046, 47.378048177992255], [8.58125062099371, 47.37801985390146], [8.581375278869391, 47.377991663431516], [8.58150014489145, 47.37796337113523], [8.581625107066127, 47.377935057063226], [8.58175016644482, 47.37790676625649], [8.58175512779693, 47.37790564174061], [8.581749802650446, 47.37789480177039], [8.581744848201488, 47.37789592472262]]]}}, {"type": "Feature", "properties": {"name": "ABAugeLinks 07"}, "geometry": {"type": "Polygon", "coordinates": [[[8.581612380453688, 47.37790910484384], [8.581487401833215, 47.377937422638304], [8.581362549193708, 47.37796571190219], [8.581237896837306, 47.37799390112278], [8.581112962305985, 47.378022231582506], [8.580988248976603, 47.37805051192371], [8.580863535991394, 47.37807869225656], [8.580739792505828, 47.37810666302369], [8.58061250766742, 47.37813371591369], [8.580481577378121, 47.37815915049286], [8.580351719881415, 47.37818104840498], [8.580222358707884, 47.378199555829156], [8.580094539657042, 47.378214409709216], [8.579968966762756, 47.37822486626731], [8.579849758203778, 47.37823129464385], [8.579734724058524, 47.378234567581735], [8.579619146442157, 47.3782367205949], [8.579504921461687, 47.37823769938729], [8.579391616836332, 47.37823760145839], [8.57927802161462, 47.378236432383396], [8.57916327050902, 47.378233617001605], [8.579046943937884, 47.37822925475614], [8.57892611094925, 47.3782227781088], [8.578796873728631, 47.37821365091283], [8.578663376529892, 47.378202370841535], [8.57852692709707, 47.378189876199535], [8.578398311725566, 47.37817781271536], [8.578396010413414, 47.37818913282844], [8.578524639207425, 47.37820119757168], [8.578524665998978, 47.37820120005478], [8.57866117153592, 47.37821369983432], [8.57866125695238, 47.3782137073536], [8.57879488105789, 47.3782249981482], [8.578795049535534, 47.378225011214], [8.578924475089726, 47.378234151710835], [8.578924683266068, 47.37823416463902], [8.579045719419081, 47.378240652176046], [8.579045917439764, 47.37824066119463], [8.579162423111226, 47.37824503015645], [8.579162583154714, 47.37824503512011], [8.579277502414186, 47.378247854627574], [8.579277678606823, 47.3782478576953], [8.579391420330499, 47.37824902827812], [8.579391537052409, 47.37824902892915], [8.579504958470489, 47.37824912695906], [8.579505075272788, 47.378249126509125], [8.579619420928456, 47.378248146682736], [8.579619545413486, 47.37824814499], [8.57973524601391, 47.37824598968595], [8.579735367436113, 47.378245986827814], [8.579850619314552, 47.37824270769503], [8.579850932984018, 47.37824269477993], [8.579970477529612, 47.37823624828524], [8.579970835364687, 47.37823622374976], [8.580096784986338, 47.37822573582134], [8.580097179949776, 47.378225696450144], [8.58022535397707, 47.37821080131824], [8.580225669142068, 47.37821076047596], [8.580355334485738, 47.37819220953477], [8.580355627554304, 47.37819216387566], [8.58048577477473, 47.37817021710719], [8.58048606095788, 47.378170165197815], [8.580617233544473, 47.3781446835496], [8.58061743251631, 47.378144643085584], [8.580744888738518, 47.3781175537696], [8.580745032804453, 47.37811752218044], [8.580868846900035, 47.378089535452254], [8.580993563728082, 47.37806135425057], [8.580993572187111, 47.378061352335784], [8.581118289744342, 47.37803307103535], [8.581243214428877, 47.37800474280594], [8.581367865829503, 47.377976553801005], [8.581492725419501, 47.37794826296278], [8.581617698289696, 47.37791994647003], [8.581740020324855, 47.37789227490487], [8.581734704395133, 47.377881432847914], [8.581612380453688, 47.37790910484384]]]}}, {"type": "Feature", "properties": {"name": "ABAugeLinks 08"}, "geometry": {"type": "Polygon", "coordinates": [[[8.581604971673041, 47.377893994252375], [8.581479982368666, 47.37792231446495], [8.58135513616105, 47.377950602270786], [8.581230490283069, 47.377978790025615], [8.581105537470005, 47.378007124624624], [8.580980835915438, 47.378035402295026], [8.580856134757889, 47.378063579954585], [8.580732589201059, 47.37809150598158], [8.580605782045923, 47.37811845734514], [8.580475527101854, 47.37814376073109], [8.58034647714453, 47.3781655224674], [8.580217963779285, 47.3781839085974], [8.580091134152294, 47.37819864749638], [8.579966611311425, 47.37820901661573], [8.57984833924557, 47.37821539449153], [8.579733911973591, 47.378218650162715], [8.579618677130453, 47.37822079679071], [8.579504788486265, 47.37822177270115], [8.579391809372877, 47.378221675053716], [8.579278622477455, 47.37822051018119], [8.579164340049546, 47.37821770629834], [8.579048512668738, 47.37821336277264], [8.5789282459437, 47.37820691647715], [8.578799533645528, 47.37819782635318], [8.578666390147083, 47.37818657616844], [8.578530097063032, 47.37817409584337], [8.578420586900364, 47.378163824342636], [8.578418285593603, 47.37817514445619], [8.578527809174739, 47.37818541721561], [8.578527835966288, 47.378185419698724], [8.578664185154453, 47.37819790516132], [8.578664270570886, 47.378197912680605], [8.57879754097597, 47.37820917358862], [8.578797709453566, 47.37820918665441], [8.578926610085148, 47.378218290079225], [8.57892681826143, 47.378218303007415], [8.579047288150663, 47.378224760192595], [8.579047486171286, 47.378224769211165], [8.57916349265226, 47.37822911945323], [8.579163652695701, 47.37822912441689], [8.579278103277336, 47.378231932425386], [8.579278279469916, 47.37823193549312], [8.579391612867163, 47.37823310187348], [8.579391729589041, 47.37823310252451], [8.579504825495054, 47.378233200272966], [8.579504942297316, 47.37823319982302], [8.57961895161659, 47.37823222287859], [8.579619076101583, 47.37823222118586], [8.579734433928666, 47.37823007226697], [8.579734555350829, 47.37823006940882], [8.579849200355802, 47.37822680754277], [8.579849514025176, 47.37822679462767], [8.579968122077345, 47.37822039863373], [8.579968479912313, 47.37822037409825], [8.580093379480214, 47.3782099736086], [8.580093774443538, 47.37820993423741], [8.58022095904666, 47.37819515408661], [8.580221274211564, 47.378195113244345], [8.580350091746729, 47.378176683597374], [8.580350384815219, 47.37817663793827], [8.58047972449598, 47.378154827345654], [8.580480010679052, 47.378154775436315], [8.580610507920255, 47.378129424981346], [8.58061070689204, 47.37812938451733], [8.580737685431284, 47.37810239672772], [8.580737829497172, 47.3781023651386], [8.580861445743373, 47.3780744231326], [8.58098615066323, 47.3780462446224], [8.580986159122256, 47.378046242707605], [8.58111086490486, 47.37801796407793], [8.581235807869682, 47.3779896317096], [8.581360452793824, 47.37796144416998], [8.581485305951764, 47.37793315478984], [8.581610289492994, 47.37790483588187], [8.58172491552355, 47.377878905304314], [8.581719599598252, 47.37786806324666], [8.581604971673041, 47.377893994252375]]]}}, {"type": "Feature", "properties": {"name": "ABAugeLinks 09"}, "geometry": {"type": "Polygon", "coordinates": [[[8.581597562896603, 47.37787888366038], [8.58147256290833, 47.37790720629109], [8.58134772313382, 47.37793549263861], [8.581223083733033, 47.37796367892798], [8.581098112638244, 47.37799201766619], [8.58097342287762, 47.378020292661496], [8.580848733528589, 47.37804846765207], [8.580725385900292, 47.37807634893902], [8.580599056428369, 47.378103198776095], [8.58046947682871, 47.37812837096904], [8.58034123441139, 47.3781499965294], [8.580213568852919, 47.37816826136549], [8.580087728649806, 47.37818288528341], [8.579964255861183, 47.37819316696411], [8.579846920287862, 47.378199494339185], [8.579733099890813, 47.3782027327436], [8.579618207818998, 47.37820487298647], [8.579504655510892, 47.378205846014964], [8.579392001909271, 47.37820574864896], [8.579279223339315, 47.3782045879789], [8.579165409590038, 47.37820179559502], [8.579050081398094, 47.37819747078901], [8.578930380937333, 47.37819105484541], [8.578802193560191, 47.378182001793334], [8.578669403761273, 47.378170781495115], [8.57853326703449, 47.37815831548775], [8.57844286206341, 47.3781498359655], [8.578440560762045, 47.378161156079564], [8.578530979147613, 47.37816963686011], [8.578531005939151, 47.3781696393432], [8.578667198769972, 47.3781821104881], [8.578667284186377, 47.37818211800737], [8.578800200891827, 47.37819334902885], [8.578800369369372, 47.37819336209464], [8.578928745079747, 47.37820242844757], [8.578928953255968, 47.37820244137575], [8.579048856880755, 47.37820886820902], [8.579049054901317, 47.37820887722761], [8.57916456219326, 47.37821320874994], [8.579164722236653, 47.37821321371361], [8.5792787041395, 47.378216010223134], [8.57927888033203, 47.37821601329086], [8.579391805403684, 47.378217175468755], [8.579391922125527, 47.37821717611978], [8.579504692519663, 47.37821727358679], [8.579504809321891, 47.37821727313687], [8.579618482304973, 47.37821629907439], [8.579618606789925, 47.37821629738166], [8.579733621845577, 47.37821415484789], [8.579733743267706, 47.37821415198975], [8.579847781397545, 47.37821090739046], [8.579848095066824, 47.37821089447536], [8.579965766626168, 47.37820454898216], [8.579966124461034, 47.3782045244467], [8.58008997397635, 47.37819421139571], [8.580090368939555, 47.37819417202454], [8.580216564118508, 47.37817950685484], [8.580216879283324, 47.37817946601258], [8.580344849011421, 47.378161157659555], [8.580345142079826, 47.37816111200048], [8.580473674220404, 47.37813943758385], [8.5804739604034, 47.37813938567451], [8.580603782299894, 47.378114166412615], [8.58060398127162, 47.37811412594863], [8.580730482127528, 47.37808723968551], [8.580730626193375, 47.3780872080964], [8.58085404449745, 47.37805931083353], [8.580978737623502, 47.378031134989], [8.580978746082527, 47.3780311330742], [8.581103440069592, 47.37800285711999], [8.581228401325587, 47.377974520610316], [8.581353039762766, 47.37794633453835], [8.58147788648824, 47.37791804661638], [8.581602880724981, 47.377889725287666], [8.581709810729881, 47.377865535701766], [8.581704494809012, 47.3778546936434], [8.581597562896603, 47.37787888366038]]]}}, {"type": "Feature", "properties": {"name": "ABAugeLinks 10"}, "geometry": {"type": "Polygon", "coordinates": [[[8.581590154124372, 47.377863773067894], [8.581465143452206, 47.377892098116725], [8.581340310107151, 47.37792038300678], [8.58121567718721, 47.377948567829826], [8.581090687810697, 47.37797691070726], [8.580966009824428, 47.378005183031895], [8.580841332303494, 47.37803335534906], [8.580718182604333, 47.37806119189581], [8.580592330814563, 47.37808794020672], [8.580463426559422, 47.378112981206584], [8.580335991680952, 47.378134470591185], [8.58020917392914, 47.37815261413335], [8.580084323149068, 47.378167123070284], [8.579961900412608, 47.37817731731235], [8.579845501330965, 47.37818359418678], [8.579732287807648, 47.37818681532448], [8.57961773850862, 47.37818894918218], [8.579504522534679, 47.37818991932874], [8.57939219444552, 47.37818982224418], [8.579279824201363, 47.37818866577658], [8.579166479129205, 47.37818588489164], [8.579051650127006, 47.37818157880538], [8.57893251592964, 47.378175193213586], [8.578804853473235, 47.37816617723339], [8.578672417374815, 47.37815498682178], [8.578536437000377, 47.37814253513169], [8.578465137214657, 47.378135847583984], [8.578462835918684, 47.37814716769852], [8.578534149114851, 47.37815385650411], [8.578534175906382, 47.37815385898723], [8.578670212384834, 47.37816631581485], [8.578670297801215, 47.37816632333412], [8.57880286080606, 47.378177524468995], [8.578803029283556, 47.37817753753478], [8.578930880073035, 47.37818656681581], [8.578931088249192, 47.37818657974398], [8.579050425610387, 47.37819297622544], [8.579050623630891, 47.37819298524401], [8.57916563173294, 47.3781972980466], [8.579165791776283, 47.37819730301026], [8.579279305001858, 47.378200088020854], [8.579279481194334, 47.37820009108859], [8.579391997940055, 47.37820124906401], [8.57939211466186, 47.37820124971504], [8.579504559543434, 47.37820134690062], [8.579504676345628, 47.37820134645067], [8.579618012994437, 47.37820037527013], [8.579618137479352, 47.3782003735774], [8.579732809762097, 47.3781982374288], [8.57973293118419, 47.378198234570654], [8.579846362440112, 47.3781950072381], [8.579846676109296, 47.378194994323], [8.579963411176658, 47.378188699330465], [8.579963769011417, 47.378188674795005], [8.580086568474231, 47.378178449182684], [8.58008696343732, 47.37817840981152], [8.580212169192928, 47.378163859622845], [8.580212484357654, 47.3781638187806], [8.580339606278834, 47.37814563172153], [8.580339899347157, 47.37814558606247], [8.580467623948639, 47.378124047821636], [8.580467910131558, 47.37812399591232], [8.580597056683384, 47.378098907843516], [8.58059725565506, 47.37809886737954], [8.580723278828513, 47.37807208264268], [8.580723422894318, 47.37807205105356], [8.580846643251201, 47.37804419853497], [8.58097132456707, 47.378016025359805], [8.580971333026092, 47.378016023445], [8.58109601523854, 47.37798775016153], [8.581220994774801, 47.377959409512954], [8.581345626735505, 47.37793122490633], [8.58147046702893, 47.37790293844242], [8.581595471961176, 47.37787461469295], [8.581694705943834, 47.37785216609721], [8.581689390027394, 47.37784132403814], [8.581590154124372, 47.377863773067894]]]}}, {"type": "Feature", "properties": {"name": "ABAugeLinks 11"}, "geometry": {"type": "Polygon", "coordinates": [[[8.58158274535635, 47.37784866247491], [8.581457724000298, 47.37787698994187], [8.581332897105849, 47.37790527336963], [8.581208270645588, 47.37793345673118], [8.581083262987365, 47.37796180374785], [8.580958596785907, 47.377990073399424], [8.580833931082601, 47.37801824304556], [8.580710979311844, 47.37804603485229], [8.580585605205112, 47.37807268163678], [8.580457376293294, 47.37809759144382], [8.58033074895323, 47.378118944652776], [8.580204779008243, 47.37813696690098], [8.58008091765058, 47.37815136085701], [8.579959544965407, 47.378161467660526], [8.579844082374901, 47.37816769403429], [8.579731475724923, 47.3781708979053], [8.579617269196836, 47.37817302537788], [8.5795043895594, 47.378173992642466], [8.579392386982505, 47.378173895839346], [8.579280425062429, 47.378172743574204], [8.5791675486677, 47.37816997418819], [8.57905321885494, 47.37816568682165], [8.578934650920635, 47.378159331581664], [8.578807513384657, 47.37815035267334], [8.578675430985363, 47.37813919214822], [8.578539606964188, 47.378126754775444], [8.578487412354136, 47.378121859198046], [8.578485111063557, 47.37813317931309], [8.578537319080107, 47.378138076147984], [8.578537345871629, 47.37813807863109], [8.578673225996686, 47.37815052114137], [8.578673311413045, 47.37815052866064], [8.57880552071867, 47.37816169990902], [8.578805689196118, 47.37816171297481], [8.57893301506501, 47.37817070518396], [8.578933223241103, 47.37817071811212], [8.579051994339045, 47.37817708424177], [8.579052192359491, 47.37817709326034], [8.579166701271946, 47.37818138734318], [8.57916686131524, 47.37818139230686], [8.579279905863231, 47.37818416581852], [8.579280082055657, 47.378184168886236], [8.579392190477169, 47.378185322659206], [8.579392307198937, 47.378185323310234], [8.579504426568136, 47.37818542021438], [8.579504543370295, 47.378185419764435], [8.57961754368249, 47.37818445146586], [8.57961766816737, 47.37818444977313], [8.57973199767907, 47.37818232000964], [8.579732119101129, 47.378182317151506], [8.579844943483495, 47.37817910708564], [8.579845257152584, 47.378179094170555], [8.579961055728527, 47.37817284967871], [8.579961413563185, 47.37817282514325], [8.580083162974365, 47.3781626869695], [8.580083557937337, 47.37816264759835], [8.580207774270226, 47.378148212390606], [8.580208089434862, 47.37814817154838], [8.580334363548975, 47.37813010578332], [8.580334656617216, 47.37813006012426], [8.580461573680044, 47.378108658059105], [8.580461859862888, 47.378108606149816], [8.580590331071187, 47.378083649273876], [8.58059053004281, 47.37808360880992], [8.580716075532965, 47.37805692559951], [8.580716219598722, 47.3780568940104], [8.580839242004616, 47.378029086236964], [8.580963911525306, 47.378000915727746], [8.580963919984324, 47.37800091381294], [8.581088590411701, 47.3779726432026], [8.581213588227651, 47.377944298415215], [8.58133821373159, 47.377916115269464], [8.581463047573834, 47.37788783026795], [8.581588063177099, 47.37785950410327], [8.58167960116542, 47.377838796490664], [8.581674285253404, 47.37782795443088], [8.58158274535635, 47.37784866247491]]]}}, {"type": "Feature", "properties": {"name": "ABAugeLinks 12"}, "geometry": {"type": "Polygon", "coordinates": [[[8.581575336592532, 47.37783355188141], [8.581450304552597, 47.3778618817665], [8.581325484093275, 47.377890163735465], [8.58120086410817, 47.37791834563202], [8.581075838168251, 47.37794669678792], [8.580951183741798, 47.37797496376865], [8.58082652986591, 47.37800313074157], [8.580703776024093, 47.37803087780813], [8.58057887959905, 47.378057423066515], [8.580451326031001, 47.37808220168065], [8.580325506228885, 47.37810341871402], [8.580200384089908, 47.37812131966841], [8.580077512153569, 47.37813559864367], [8.579957189519607, 47.37814561800861], [8.579842663419639, 47.378151793881784], [8.579730663642671, 47.37815498048607], [8.579616799886965, 47.37815710157351], [8.579504256583283, 47.37815806595616], [8.579392579518453, 47.37815796943449], [8.579281025924281, 47.3781568213718], [8.579168618204875, 47.37815406348467], [8.579054787581887, 47.378149794837874], [8.578936785910331, 47.37814346994967], [8.578810173294457, 47.37813452811318], [8.578678444595225, 47.3781233974746], [8.57854277692626, 47.37811097441909], [8.578509687481846, 47.37810787080771], [8.578507386196659, 47.378119190923236], [8.578540489043503, 47.37812229579172], [8.578540515835018, 47.378122298274825], [8.578676239607885, 47.37813472646787], [8.578676325024217, 47.37813473398713], [8.57880818062966, 47.378145875348935], [8.578808349107057, 47.37814588841472], [8.578935150055672, 47.378154843552025], [8.578935358231705, 47.3781548564802], [8.579053563066731, 47.378161192258034], [8.579053761087117, 47.37816120127658], [8.579167770809628, 47.37816547663971], [8.579167930852874, 47.378165481603375], [8.57928050672539, 47.37816824361615], [8.579280682917764, 47.378168246683884], [8.57939238301324, 47.378169396254386], [8.579392499734976, 47.37816939690541], [8.579504293592004, 47.3781694935281], [8.579504410394128, 47.37816949307816], [8.579617074372456, 47.37816852766153], [8.579617198857296, 47.378168525968796], [8.579731185596506, 47.378166402590466], [8.579731307018525, 47.378166399732336], [8.579843524527702, 47.37816320693318], [8.5798438381967, 47.37816319401809], [8.579958700281782, 47.378157000026825], [8.579959058116327, 47.37815697549139], [8.58007975747598, 47.378146924756244], [8.58008015243884, 47.378146885385114], [8.580203379350099, 47.378132565158175], [8.580203694514644, 47.37813252431596], [8.580329120822485, 47.37811457984474], [8.580329413890645, 47.37811453418569], [8.580455523415274, 47.37809326829619], [8.580455809598037, 47.37809321638689], [8.580583605462385, 47.378068390703916], [8.580583804433957, 47.37806835023996], [8.580708872242152, 47.37804176855572], [8.580709016307866, 47.37804173696663], [8.58083184075544, 47.37801397393999], [8.580956498477294, 47.377985806097534], [8.580956506936307, 47.37798580418273], [8.58108116558908, 47.37795753624313], [8.58120618168271, 47.37792918731746], [8.581330800713161, 47.37790100563629], [8.581455628122944, 47.377872722092995], [8.581580654420733, 47.37784439350778], [8.581664496394623, 47.37782542688211], [8.581659180487032, 47.37781458482161], [8.581575336592532, 47.37783355188141]]]}}, {"type": "Feature", "properties": {"name": "ABAugeLinks 13"}, "geometry": {"type": "Polygon", "coordinates": [[[8.581567927832923, 47.37781844128741], [8.581442885109114, 47.37784677359061], [8.581318071080045, 47.377875054101935], [8.581193457574964, 47.37790323453237], [8.58106841335335, 47.3779315898275], [8.580943770710807, 47.37795985413538], [8.580819128653427, 47.377988018437044], [8.580696572739203, 47.37801572076375], [8.580572153996858, 47.378042164495824], [8.580445275772162, 47.378066811917144], [8.58032026350761, 47.378087892775], [8.580195989173841, 47.37810567243568], [8.580074106659076, 47.37811983643011], [8.579954834074883, 47.37812976835661], [8.57984124446522, 47.37813589372918], [8.579729851561721, 47.378139063066776], [8.579616330575671, 47.378141177769116], [8.579504123608988, 47.378142139269805], [8.579392772054257, 47.37814204302957], [8.579281626784555, 47.37814089916932], [8.579169687742022, 47.378138152781126], [8.579056356307868, 47.37813390285402], [8.578938920898215, 47.37812760831757], [8.578812833203234, 47.37811870355295], [8.578681458202109, 47.37810760280078], [8.57854594688987, 47.37809519406291], [8.578531962597772, 47.378093882412976], [8.578529661317987, 47.37810520252901], [8.578543659008716, 47.37810651543567], [8.578543685800216, 47.378106517918766], [8.578679253216075, 47.37811893179411], [8.578679338632385, 47.378118939313396], [8.578810840539628, 47.3781300507888], [8.578811009016976, 47.37813006385458], [8.578937285044526, 47.37813898191998], [8.578937493220499, 47.37813899484815], [8.57905513179344, 47.37814530027423], [8.579055329813768, 47.378145309292805], [8.579168840347277, 47.37814956593621], [8.57916900039048, 47.37814957089987], [8.579281107585981, 47.378152321413694], [8.579281283778297, 47.37815232448142], [8.579392575549166, 47.378153469849494], [8.579392692270867, 47.37815347050052], [8.579504160617692, 47.378153566841775], [8.579504277419783, 47.37815356639183], [8.579616605061005, 47.37815260385716], [8.579616729545808, 47.378152602164434], [8.57973037351525, 47.37815048517119], [8.579730494937234, 47.37815048231305], [8.579842105572732, 47.37814730678062], [8.579842419241631, 47.378147293865524], [8.579956344836125, 47.3781411503749], [8.579956702670568, 47.37814112583947], [8.580076351980114, 47.37813116254279], [8.58007674694286, 47.37813112317167], [8.580198984432228, 47.37811691792558], [8.580199299596686, 47.37811687708337], [8.580323878099053, 47.37809905390592], [8.58032417116713, 47.37809900824688], [8.58044947315399, 47.37807787853293], [8.58044975933668, 47.37807782662365], [8.580576879857439, 47.37805313213352], [8.580577078828957, 47.37805309166958], [8.580701668954807, 47.37802661151158], [8.580701813020475, 47.3780265799225], [8.580824439626598, 47.37799886161626], [8.580949085444168, 47.37797069646444], [8.580949093903183, 47.37797069454964], [8.581073740770677, 47.37794242928317], [8.581198775144829, 47.377914076218524], [8.58132338769853, 47.377885896002745], [8.581448208676274, 47.377857613917506], [8.581573245646533, 47.37782928291675], [8.581649391631462, 47.37781205727157], [8.581644075728297, 47.377801215210354], [8.581567927832923, 47.37781844128741]]]}}, {"type": "Feature", "properties": {"name": "ABAugeLinks 14"}, "geometry": {"type": "Polygon", "coordinates": [[[8.581560519077524, 47.37780333069289], [8.581435465669843, 47.377831665414206], [8.581310658073052, 47.377859944467396], [8.581186051045961, 47.37788812343218], [8.581060988542667, 47.37791648286651], [8.580936357673567, 47.37794474450396], [8.580811727445147, 47.37797290613204], [8.580689369459682, 47.37800056371861], [8.580565428398474, 47.37802690592472], [8.580439225516534, 47.37805142215334], [8.580315020789351, 47.37807236683571], [8.58019159426065, 47.3780900252027], [8.580070701166328, 47.37810407421646], [8.57995247863184, 47.3781139187045], [8.579839825511934, 47.378119993576504], [8.57972903947952, 47.378123145647464], [8.579615861266298, 47.37812525396466], [8.579503990632967, 47.37812621258341], [8.579392964589909, 47.3781261166246], [8.579282227645033, 47.37812497696681], [8.579170757278485, 47.37812224207751], [8.579057925032876, 47.3781180108701], [8.578941055885272, 47.378111746685406], [8.578815493109797, 47.378102878992586], [8.5786844718083, 47.37809180812691], [8.578554226697182, 47.37807988161692], [8.578551979005779, 47.378091206699644], [8.57868226682362, 47.37810313712035], [8.578682352239902, 47.37810314463963], [8.578813500447364, 47.37811422622852], [8.578813668924665, 47.37811423929429], [8.578939420032565, 47.37812312028788], [8.578939628208474, 47.378123133216036], [8.579056700519176, 47.37812940829036], [8.579056898539443, 47.37812941730892], [8.579169909884257, 47.378133655232645], [8.579170069927407, 47.37813366019629], [8.579281708446763, 47.37813639921123], [8.579281884639029, 47.37813640227895], [8.579392768084944, 47.37813754344455], [8.579392884806607, 47.378137544095594], [8.57950402764165, 47.3781376401554], [8.579504144443705, 47.378137639705464], [8.57961613575147, 47.37813668005272], [8.579616260236238, 47.37813667836001], [8.579729561432739, 47.37813456775193], [8.579729682854685, 47.37813456489378], [8.579840686618908, 47.37813140662799], [8.579841000287717, 47.378131393712906], [8.57995398939214, 47.37812530072284], [8.579954347226472, 47.37812527618742], [8.580072946485988, 47.37811540032923], [8.580073341448617, 47.37811536095812], [8.58019458951724, 47.378101270692746], [8.580194904681605, 47.37810122985056], [8.580318635378662, 47.378083527966815], [8.580318928446658, 47.37808348230781], [8.580443422895879, 47.37806248876936], [8.580443709078489, 47.37806243686009], [8.580570154256334, 47.378037873562725], [8.5805703532278, 47.37803783309879], [8.5806944656722, 47.37801145446682], [8.580694609737822, 47.37801142287774], [8.580817038390363, 47.37798374931724], [8.580941672404352, 47.377955586833274], [8.580941680863367, 47.377955584918475], [8.58106631595649, 47.37792732232267], [8.581191368622342, 47.37789896511656], [8.581315974688112, 47.377870786368675], [8.581440789233817, 47.37784250574152], [8.58156583689956, 47.37781417232], [8.581620211948485, 47.37780187167414], [8.581614896052322, 47.37779102961158], [8.581560519077524, 47.37780333069289]]]}}, {"type": "Feature", "properties": {"name": "ABAugeLinks 15"}, "geometry": {"type": "Polygon", "coordinates": [[[8.58155311032633, 47.37778822009788], [8.581428046234786, 47.37781655723732], [8.581303245069458, 47.377844834832565], [8.58117864452117, 47.37787301233151], [8.581053563736198, 47.37790137590507], [8.580928944642313, 47.37792963487162], [8.580804326241067, 47.377957793826525], [8.580682166183578, 47.37798540667317], [8.580558702804435, 47.378011647353105], [8.580433175264385, 47.378036032389176], [8.580309778074154, 47.378056840896136], [8.580187199349725, 47.378074377969554], [8.580067295675835, 47.37808831200262], [8.579950123189874, 47.378098069052335], [8.579838406559146, 47.37810409342381], [8.579728227399485, 47.378107228228075], [8.579615391956349, 47.378109330160136], [8.57950385765699, 47.378110285896945], [8.579393157126301, 47.3781101902196], [8.579282828504523, 47.37810905476424], [8.579171826814921, 47.37810633137385], [8.57905949375639, 47.37810211888607], [8.578943190871021, 47.378095885053135], [8.578818153014721, 47.37808705443208], [8.578687485412695, 47.378076013452926], [8.578576560842036, 47.37806585612935], [8.578574313156029, 47.378077181212554], [8.578685280429333, 47.37808734244646], [8.57868536584559, 47.37808734996573], [8.578816160353483, 47.37809840166809], [8.578816328830733, 47.37809841473385], [8.578941555019288, 47.37810725865567], [8.578941763195134, 47.37810727158382], [8.579058269243415, 47.37811351630638], [8.579058467263625, 47.37811352532494], [8.579170979421203, 47.37811774452902], [8.579171139464306, 47.378117749492674], [8.57928230930656, 47.378120477008686], [8.579282485498775, 47.378120480076404], [8.579392960621462, 47.37812161703958], [8.579393077343092, 47.37812161769061], [8.57950389466566, 47.378121713468985], [8.57950401146768, 47.378121713019034], [8.579615666441358, 47.378120756248244], [8.579615790926084, 47.37812075455551], [8.579728749352395, 47.37811865033256], [8.579728870774304, 47.37811864747443], [8.579839267665578, 47.37811550647533], [8.579839581334292, 47.37811549356026], [8.579951633949241, 47.37810945107075], [8.579951991783469, 47.37810942653533], [8.580069540994117, 47.37809963811548], [8.580069935956631, 47.378099598744384], [8.580190194604507, 47.37808562345974], [8.580190509768784, 47.37808558261756], [8.580313392661322, 47.37806800202744], [8.580313685729237, 47.37806795636843], [8.580437372641256, 47.378047099005435], [8.580437658823788, 47.3780470470962], [8.580563428659554, 47.37802261499141], [8.580563627630967, 47.37802257452747], [8.580687262393075, 47.377996297421745], [8.580687406458656, 47.377996265832685], [8.580809637162861, 47.37796863701669], [8.58093425936919, 47.377940477201484], [8.5809342678282, 47.37794047528669], [8.581058891146512, 47.377912215361704], [8.58118396209202, 47.37788385401683], [8.581308561681904, 47.37785567673411], [8.58143336979557, 47.377827397565014], [8.581558428132801, 47.37779906172819], [8.581587748333979, 47.37779242895827], [8.581582432445416, 47.37778158689421], [8.58155311032633, 47.37778822009788]]]}}, {"type": "Feature", "properties": {"name": "ABAugeLinks 16"}, "geometry": {"type": "Polygon", "coordinates": [[[8.58154570157934, 47.377773109502364], [8.58142062680394, 47.37780144905992], [8.581295832072103, 47.37782972519674], [8.581171238000579, 47.377857901230335], [8.581046138933946, 47.3778862689431], [8.580921531623952, 47.37791452523681], [8.580796925041193, 47.37794268152049], [8.580674962912248, 47.37797024962707], [8.580551977213783, 47.37799638878114], [8.580427125016037, 47.378020642624605], [8.580304535362023, 47.3780413149563], [8.580182804441673, 47.37805873073616], [8.580063890186823, 47.37807254978872], [8.579947767749873, 47.37808221940004], [8.579836987607175, 47.37808819327105], [8.579727415318205, 47.37809131080867], [8.579614922646641, 47.378093406355596], [8.579503724682837, 47.378094359210465], [8.579393349661663, 47.378094263814546], [8.579283429364201, 47.37809313256162], [8.579172896349403, 47.37809042067011], [8.57906106247944, 47.37808622690201], [8.578945325855464, 47.378080023420786], [8.578820812918035, 47.37807122987148], [8.578690499014012, 47.37806021877869], [8.578598894975032, 47.37805183063737], [8.578596647294425, 47.37806315572105], [8.578688294032023, 47.37807154777233], [8.578688379448252, 47.37807155529159], [8.578818820257975, 47.37808257710757], [8.57881898873518, 47.37808259017333], [8.578943690004701, 47.3780913970234], [8.578943898180485, 47.378091409951544], [8.5790598379672, 47.37809762432238], [8.579060035987348, 47.378097633340936], [8.57917204895618, 47.37810183382533], [8.579172208999239, 47.378101838788986], [8.579282910166556, 47.37810455480609], [8.579283086358712, 47.37810455787381], [8.579393153156941, 47.37810569063457], [8.579393269878537, 47.3781056912856], [8.579503761691495, 47.37810578678253], [8.579503878493478, 47.37810578633259], [8.579615197131492, 47.37810483244373], [8.579615321616181, 47.37810483075102], [8.579727937270802, 47.3781027329132], [8.579728058692673, 47.37810273005506], [8.579837848713069, 47.37809960632261], [8.57983816238169, 47.378099593407526], [8.579949278508298, 47.37809360141852], [8.57994963634242, 47.378093576883096], [8.580066135503733, 47.37808387590167], [8.580066530466134, 47.378083836530585], [8.580185799694659, 47.378069976226485], [8.580186114858845, 47.37806993538431], [8.580308149947035, 47.37805247608777], [8.580308443014868, 47.378052430428795], [8.580431322390451, 47.37803170924112], [8.580431608572907, 47.378031657331896], [8.580556703066167, 47.37800735641974], [8.580556902037529, 47.37800731595582], [8.580680059118663, 47.377981140376015], [8.580680203184196, 47.37798110878697], [8.580802235937293, 47.37795352471615], [8.580926846348254, 47.377925367566945], [8.580926854807263, 47.37792536565215], [8.581051466340757, 47.377897108400205], [8.581176555565046, 47.37786874291677], [8.58130114868031, 47.37784056709892], [8.581425950361536, 47.377812289388025], [8.581551019389858, 47.37778395113145], [8.581555284731124, 47.37778298623324], [8.581549968850151, 47.37777214416766], [8.58154570157934, 47.377773109502364]]]}}, {"type": "Feature", "properties": {"name": "ABAugeLinks 17"}, "geometry": {"type": "Polygon", "coordinates": [[[8.581413207377308, 47.37778634088201], [8.581288419096058, 47.37781461555657], [8.581163831484197, 47.377842790128646], [8.58103871413591, 47.377871161980636], [8.580914118600006, 47.37789941560373], [8.580789523845523, 47.37792756921395], [8.58066775964501, 47.37795509258052], [8.580545251626523, 47.37798113020887], [8.58042107477121, 47.37800525285969], [8.580299292652597, 47.37802578901623], [8.580178409536192, 47.378043083502575], [8.580060484700327, 47.378056787574614], [8.579945412310671, 47.37806636974771], [8.579835568656032, 47.37807229311823], [8.579726603239086, 47.378075393389175], [8.579614453337182, 47.378077482551014], [8.57950359170696, 47.37807843252392], [8.579393542196872, 47.37807833740944], [8.579284030223493, 47.37807721035896], [8.579173965883838, 47.378074509966346], [8.579062631200996, 47.378070334917865], [8.578947460839089, 47.37806416178838], [8.578823472820307, 47.3780554053108], [8.578693512613597, 47.37804442410435], [8.578621229096212, 47.378037805140956], [8.578618981420997, 47.37804913022511], [8.578691307632887, 47.378055753098074], [8.578691393049095, 47.378055760617336], [8.578821480161453, 47.37806675254697], [8.578821648638604, 47.378066765612736], [8.578945824989292, 47.37807553539106], [8.578946033165018, 47.37807554831921], [8.579061406689487, 47.37808173233828], [8.579061604709576, 47.37808174135683], [8.579173118491127, 47.37808592312158], [8.579173278534137, 47.37808592808524], [8.579283511026157, 47.3780886326035], [8.579283687218261, 47.3780886356712], [8.579393345692274, 47.37808976422951], [8.579393462413833, 47.378089764880535], [8.579503628715596, 47.378089860096026], [8.579503745517545, 47.378089859646096], [8.579614727821873, 47.37808890863919], [8.579614852306529, 47.378088906946466], [8.57972712519137, 47.37808681549374], [8.579727246613205, 47.3780868126356], [8.579836429761379, 47.37808370616983], [8.579836743429906, 47.37808369325476], [8.579946923068166, 47.378077751766234], [8.579947280902182, 47.378077727230824], [8.58006273001586, 47.37806811368767], [8.58006312497814, 47.37806807431659], [8.580181404787385, 47.37805432899304], [8.580181719951483, 47.378054288150885], [8.580302907235465, 47.37803695014791], [8.580303200303215, 47.37803690448893], [8.580425272143149, 47.378016319476444], [8.580425558325524, 47.37801626756723], [8.580549977476174, 47.37799209784776], [8.580550176447485, 47.377992057383835], [8.58067285584835, 47.37796598332982], [8.580672999913837, 47.37796595174079], [8.580794834713666, 47.377938412415624], [8.58091943332151, 47.37791025793417], [8.580919441780518, 47.37791025601937], [8.581044041539219, 47.377882001438216], [8.581169149042847, 47.37785363181609], [8.581293735701655, 47.377825457459025], [8.58141853093172, 47.37779718121051], [8.581522839576763, 47.37777354687462], [8.5815175160202, 47.37776270654703], [8.581413207377308, 47.37778634088201]]]}}, {"type": "Feature", "properties": {"name": "ABAugeLinks 18"}, "geometry": {"type": "Polygon", "coordinates": [[[8.581405787954889, 47.377771232703594], [8.581281006103877, 47.3777995059205], [8.581156424972024, 47.37782767902645], [8.581031289342086, 47.377856055017666], [8.580906705590953, 47.37788430596772], [8.580782122654057, 47.377912456906934], [8.580660556381256, 47.3779399355336], [8.580538526043602, 47.37796587163605], [8.580415024529856, 47.37798986309442], [8.58029404994655, 47.37801026307585], [8.58017401463297, 47.37802743626883], [8.580057079215578, 47.37804102536041], [8.579943056873137, 47.378050520095265], [8.579834149705707, 47.37805639296535], [8.579725791159568, 47.37805947596966], [8.579613984028809, 47.37806155874638], [8.579503458731132, 47.378062505837335], [8.579393734732816, 47.3780624110043], [8.579284631081803, 47.378061288156246], [8.579175035417599, 47.3780585992625], [8.579064199922104, 47.37805444293367], [8.578949595820415, 47.37804830015585], [8.578826132720968, 47.37803958075001], [8.578696526211269, 47.37802862942988], [8.578643563205524, 47.378023779640124], [8.578641315535709, 47.37803510472477], [8.578694321231916, 47.37803995842369], [8.578694406648097, 47.378039965942946], [8.578824140063306, 47.37805092798627], [8.578824308540405, 47.378050941052024], [8.578947959971588, 47.378059673758585], [8.578948168147251, 47.37805968668672], [8.579062975411322, 47.37806584035413], [8.579063173431352, 47.378065849372696], [8.579174188025402, 47.37807001241778], [8.579174348068362, 47.37807001738144], [8.579284111884771, 47.3780727104008], [8.579284288076826, 47.37807271346852], [8.579393538228349, 47.37807383782438], [8.579393654949872, 47.378073838475416], [8.579503495739749, 47.37807393340947], [8.579503612541659, 47.37807393295954], [8.579614258513342, 47.37807298483458], [8.57961438299796, 47.378072983141855], [8.579726313111543, 47.37807089807426], [8.57972643453334, 47.378070895216126], [8.579835010810514, 47.37806780601699], [8.579835324478948, 47.37806779310193], [8.579944567629695, 47.37806190211385], [8.579944925463606, 47.37806187757845], [8.580059324529731, 47.378052351473556], [8.5800597194919, 47.37805231210249], [8.580177009882366, 47.378038681759435], [8.580177325046373, 47.37803864091728], [8.580297664527276, 47.37802142420772], [8.580297957594947, 47.378021378548745], [8.580419221899321, 47.37800092971141], [8.58041950808162, 47.37800087780221], [8.580543251890504, 47.377976839275235], [8.58054345086176, 47.377976798811346], [8.580665652582152, 47.37795082628316], [8.580665796647594, 47.37795079469414], [8.58078743359905, 47.3779233000909], [8.580912020308995, 47.37789514829863], [8.580912028768, 47.37789514638382], [8.58103661674189, 47.37786689447571], [8.581161742525714, 47.37783852071469], [8.581286322708074, 47.37781034782295], [8.581411111506114, 47.37778207303249], [8.581490393587057, 47.37776410924774], [8.581485070038426, 47.37775326891856], [8.581405787954889, 47.377771232703594]]]}}, {"type": "Feature", "properties": {"name": "ABAugeLinks 19"}, "geometry": {"type": "Polygon", "coordinates": [[[8.581398368536684, 47.37775612452467], [8.581273593100018, 47.37778439628749], [8.581149018464052, 47.37781256792377], [8.581023864552483, 47.37784094805418], [8.58089929257587, 47.37786919633351], [8.580774721466794, 47.37789734459939], [8.580653353121615, 47.37792477848621], [8.58053180046497, 47.37795061306273], [8.580408974291657, 47.37797447332888], [8.580288807243566, 47.37799473713518], [8.58016961973232, 47.37801178903487], [8.580053673733072, 47.37802526314602], [8.579940701436705, 47.37803467044273], [8.57983273075653, 47.37804049281239], [8.579724979080499, 47.37804355855009], [8.579613514719027, 47.3780456349417], [8.579503325756235, 47.37804657915071], [8.57939392726773, 47.37804648459911], [8.579285231940304, 47.37804536595348], [8.579176104950692, 47.37804268855861], [8.579065768642227, 47.37803855094939], [8.57895173080092, 47.37803243852324], [8.578828792619392, 47.37802375618907], [8.578699539808364, 47.378012834755395], [8.578666215258309, 47.37800978324987], [8.578663967593952, 47.378021108335005], [8.57869733483031, 47.3780241637493], [8.578697420246467, 47.37802417126856], [8.578826799962926, 47.378035103425425], [8.578826968439975, 47.378035116491155], [8.578950094953063, 47.37804381212604], [8.578950303128664, 47.37804382505417], [8.579064544132184, 47.37804994836991], [8.579064742152152, 47.378049957388455], [8.579175257559, 47.378054101713936], [8.579175417601913, 47.37805410667759], [8.579284712743585, 47.37805678819808], [8.579284888935584, 47.37805679126579], [8.579393730763385, 47.37805791141923], [8.579393847484873, 47.37805791207026], [8.579503362764836, 47.37805800672289], [8.579503479566714, 47.378058006272944], [8.579613789203396, 47.37805706102994], [8.579613913687975, 47.3780570593372], [8.579725501032168, 47.37805498065473], [8.579725622453932, 47.378054977796594], [8.579833591860798, 47.37805190586407], [8.579833905529135, 47.37805189294901], [8.579942212192323, 47.378046052461364], [8.579942570026125, 47.37804602792597], [8.58005591904585, 47.378036589259274], [8.580056314007903, 47.37803654988821], [8.580172614979917, 47.37802303452561], [8.580172930143833, 47.37802299368347], [8.58029242182213, 47.37800589826724], [8.580292714889715, 47.37800585260829], [8.580413171658675, 47.37798553994612], [8.580413457840898, 47.37798548803693], [8.580536526309135, 47.37796158070223], [8.580536725280341, 47.37796154023834], [8.580658449319428, 47.377935669236145], [8.580658593384824, 47.377935637647134], [8.58078003238383, 47.37790818778937], [8.580904607290671, 47.37788003866483], [8.580904615749672, 47.377880036750035], [8.58102919194878, 47.3778517875127], [8.581154336025122, 47.37782340961001], [8.581278909699977, 47.377795238190586], [8.581403692084718, 47.37776696485397], [8.581457947607461, 47.377754671611235], [8.581452624066756, 47.3777438312805], [8.581398368536684, 47.37775612452467]]]}}, {"type": "Feature", "properties": {"name": "ABAugeLinks 20"}, "geometry": {"type": "Polygon", "coordinates": [[[8.581390949122689, 47.377741016345254], [8.581266180136605, 47.3777692866458], [8.581141611960291, 47.377797456820566], [8.58101643976709, 47.377825841090186], [8.580891879564113, 47.377854086699], [8.580767320283735, 47.37788223229135], [8.580646149866036, 47.377909621438356], [8.580525074889746, 47.37793535448908], [8.580402924056978, 47.37795908356297], [8.580283564543938, 47.37797921119421], [8.58016522483424, 47.377996141800715], [8.580050268252313, 47.37800950093154], [8.579938346002223, 47.37801882079008], [8.57983131180752, 47.37802459265939], [8.579724167001896, 47.37802764113048], [8.579613045411143, 47.37802971113699], [8.57950319278139, 47.378030652464055], [8.57939411980249, 47.378030558193885], [8.57928583279783, 47.378029443750684], [8.579177174483098, 47.378026777854664], [8.5790673373614, 47.37802265896508], [8.578953865780099, 47.37801657689054], [8.578831452516216, 47.37800793162805], [8.578702553402405, 47.37799704008063], [8.578691610333621, 47.37799603803266], [8.578689362675302, 47.37800736311834], [8.57870034842567, 47.378008369074635], [8.578700433841803, 47.37800837659389], [8.578829459860923, 47.37801927886445], [8.578829628337925, 47.3780192919302], [8.578952229933225, 47.3780279504934], [8.578952438108763, 47.378027963421545], [8.579066112852066, 47.378034056385644], [8.57906631087198, 47.378034065404194], [8.579176327091924, 47.378038191010035], [8.579176487134786, 47.37803819597369], [8.579285313601412, 47.3780408659953], [8.579285489793364, 47.37804086906302], [8.579393923298271, 47.37804198501404], [8.579394040019723, 47.37804198566507], [8.579503229789971, 47.378042080036245], [8.57950334659181, 47.3780420795863], [8.579613319895358, 47.37804113722526], [8.579613444379907, 47.37804113553254], [8.579724688953254, 47.37803906323515], [8.579724810374978, 47.37803906037701], [8.579832172911244, 47.378036005711124], [8.579832486579491, 47.37803599279606], [8.5799398567569, 47.37803020280878], [8.579940214590595, 47.3780301782734], [8.580052513563716, 47.37802082704488], [8.580052908525655, 47.37802078767383], [8.580168220080038, 47.37800738729161], [8.580168535243864, 47.37800734644947], [8.580287179120365, 47.377990372326444], [8.580287472187873, 47.3779903266675], [8.58040712142152, 47.377970150180445], [8.580407407603664, 47.37797009827127], [8.580529800731165, 47.37794632212887], [8.580529999702314, 47.377946281665], [8.580651246060812, 47.37792051218865], [8.580651390126166, 47.37792048059964], [8.58077263118188, 47.37789307548527], [8.580897194276334, 47.37786492903058], [8.580897202735336, 47.377864927115795], [8.581021767159884, 47.37783668054919], [8.581146929515832, 47.37780829850775], [8.581271496733951, 47.37778012854916], [8.581396272667538, 47.37775185667495], [8.581425501637986, 47.37774523396513], [8.581420178105201, 47.37773439363281], [8.581390949122689, 47.377741016345254]]]}}, {"type": "Feature", "properties": {"name": "ABAugeLinks 21"}, "geometry": {"type": "Polygon", "coordinates": [[[8.581383529712905, 47.377725908165324], [8.581258767159893, 47.37775417700754], [8.581134205460735, 47.37778234571685], [8.581009014985918, 47.37781073412569], [8.580884466567467, 47.377838977061515], [8.58075991910488, 47.377867119982795], [8.580638946615217, 47.37789446438988], [8.580518349318343, 47.37792009591502], [8.580396873826118, 47.377943693796645], [8.58027832184671, 47.37796368525306], [8.580160829939357, 47.377980494566266], [8.58004686277356, 47.3779937387169], [8.579935990568542, 47.37800297113739], [8.579829892859658, 47.378008692506334], [8.579723354924598, 47.37801172371079], [8.579612576102699, 47.378013787332186], [8.579503059805695, 47.37801472577735], [8.579394312337106, 47.378014631788616], [8.579286433656126, 47.37801352154783], [8.57917824401484, 47.37801086715064], [8.579068906079048, 47.37800676698063], [8.578956000757985, 47.37800071525774], [8.578834112411386, 47.377992107066866], [8.578717048767158, 47.3779822155835], [8.578714971947116, 47.37799355570821], [8.578832119757303, 47.37800345430337], [8.578832288234253, 47.378003467369105], [8.578954364912075, 47.37801208886068], [8.578954573087554, 47.37801210178881], [8.579067681570457, 47.37801816440124], [8.579067879590308, 47.37801817341979], [8.579177396624166, 47.378022280306055], [8.579177556666982, 47.3780222852697], [8.579285914460023, 47.37802494379249], [8.579286090651918, 47.37802494686019], [8.579394115833008, 47.37802605860878], [8.579394232554426, 47.37802605925982], [8.579503096814264, 47.37802615334957], [8.579503213616073, 47.37802615289963], [8.579612850586749, 47.37802521342049], [8.579612975071253, 47.37802521172777], [8.579723876875645, 47.37802314581548], [8.579723998297334, 47.37802314295735], [8.579830753962838, 47.3780201055581], [8.579831067630991, 47.37802009264304], [8.579937501322286, 47.37801435315616], [8.579937859155876, 47.37801432862078], [8.580049108083585, 47.37800506483033], [8.580049503045409, 47.378005025459295], [8.580163825183352, 47.37799174005729], [8.580164140347087, 47.37799169921518], [8.580281936420993, 47.3779748463855], [8.580282229488418, 47.37797480072657], [8.58040107118818, 47.377954760414376], [8.580401357370246, 47.37795470850522], [8.580523075157046, 47.37793106355512], [8.580523274128147, 47.37793102309125], [8.58064404280691, 47.37790535514054], [8.580644186872217, 47.37790532355154], [8.5807652299728, 47.37787796318322], [8.580889781276671, 47.377849819393454], [8.58088978973567, 47.37784981747867], [8.581014342375207, 47.37782157358515], [8.581139523010176, 47.37779318740509], [8.581264083753002, 47.377765018911546], [8.581388853254571, 47.37773674849542], [8.581393055678648, 47.37773579630942], [8.58138773215378, 47.37772495597553], [8.581383529712905, 47.377725908165324]]]}}, {"type": "Feature", "properties": {"name": "ABAugeLinks 22"}, "geometry": {"type": "Polygon", "coordinates": [[[8.581251354186172, 47.37773906736907], [8.581126798965386, 47.37776723461266], [8.58100159020896, 47.37779562716068], [8.580877053564791, 47.37782386742584], [8.580752517930227, 47.37785200767376], [8.580631743367277, 47.37787930734117], [8.580511623750816, 47.37790483734053], [8.580390823598751, 47.37792830402997], [8.58027307915284, 47.37794815931161], [8.580156435046431, 47.377964847331704], [8.580043457296794, 47.37797797650216], [8.579933635136534, 47.377987121484594], [8.579828473912942, 47.37799279235322], [8.579722542846062, 47.37799580629108], [8.579612106794496, 47.37799786352736], [8.57950292683094, 47.37799879909059], [8.579394504872461, 47.37799870538329], [8.579287034512863, 47.377997599344916], [8.579179313545895, 47.37799495644659], [8.57907047479627, 47.37799087499617], [8.57895813573454, 47.377984853624866], [8.578836772304964, 47.377976282505614], [8.578742696757736, 47.37796833344857], [8.578740619943753, 47.37797967357379], [8.578834779652055, 47.37798762974217], [8.578834948128957, 47.37798764280793], [8.578956499889612, 47.37799622722786], [8.578956708065025, 47.377996240156], [8.579069250288393, 47.37800227241684], [8.579069448308191, 47.37800228143537], [8.579178466155739, 47.37800636960205], [8.579178626198505, 47.378006374565686], [8.579286515317067, 47.37800902158962], [8.579286691508909, 47.378009024657324], [8.579394308368489, 47.3780101322035], [8.579394425089871, 47.37801013285454], [8.579502963839495, 47.37801022666284], [8.579503080641269, 47.3780102262129], [8.579612381278386, 47.378009289615704], [8.579612505762851, 47.37800928792298], [8.579723064796793, 47.37800722839582], [8.579723186218441, 47.378007225537694], [8.579829335015582, 47.37800420540503], [8.579829648683644, 47.37800419248996], [8.579935145889339, 47.37799850350343], [8.57993550372282, 47.37799847896805], [8.580045702605448, 47.37798930261568], [8.580046097567156, 47.37798926324466], [8.58015943028862, 47.37797609282287], [8.580159745452264, 47.37797605198077], [8.580276693724993, 47.37795932044422], [8.58027698679234, 47.3779592747853], [8.580395020958338, 47.377939370647944], [8.580395307140325, 47.37793931873881], [8.58051634958678, 47.3779158049809], [8.580516548557828, 47.37791576451706], [8.58063683955649, 47.37789019809208], [8.58063698362175, 47.3778901665031], [8.580757828870466, 47.37786285085752], [8.580882368270755, 47.377834709758204], [8.58088237672975, 47.37783470784342], [8.581006917594745, 47.377806466620605], [8.58113211650901, 47.377778076301894], [8.581256670776668, 47.37774990927334], [8.581357472742434, 47.37772706946251], [8.581352149190602, 47.37771622913493], [8.581251354186172, 47.37773906736907]]]}}, {"type": "Feature", "properties": {"name": "ABAugeLinks 23"}, "geometry": {"type": "Polygon", "coordinates": [[[8.581243941234579, 47.37772395772604], [8.581119392474244, 47.37775212350792], [8.580994165436216, 47.37778052019515], [8.58086964057634, 47.37780875778739], [8.58074511675978, 47.37783689536419], [8.58062454012464, 47.37786415029173], [8.580504898187609, 47.37788957876552], [8.58038477337452, 47.37791291426302], [8.58026783646205, 47.37793263336985], [8.580152040156067, 47.37794920009693], [8.5800400518223, 47.37796221428722], [8.579931279705601, 47.37797127183174], [8.579827054966733, 47.37797689220002], [8.579721730769668, 47.37797988887131], [8.579611637486542, 47.37798193972251], [8.579502793856236, 47.37798287240379], [8.579394697405888, 47.377982778977916], [8.579287635369786, 47.37798167714196], [8.579180383076288, 47.37797904574247], [8.57907204351249, 47.377974983011626], [8.578960270709297, 47.377968991991885], [8.578839432197515, 47.37796045794428], [8.578768344734842, 47.377954451307836], [8.57876626792692, 47.37796579143357], [8.578837439545795, 47.37797180518094], [8.578837608022647, 47.37797181824667], [8.578958634865343, 47.37798036559494], [8.578958843040695, 47.37798037852307], [8.579070819005354, 47.37798638043234], [8.579071017025088, 47.37798638945088], [8.579179535686633, 47.37799045889797], [8.579179695729355, 47.37799046386161], [8.579287116174301, 47.37799309938669], [8.57928729236609, 47.377993102454404], [8.579394500902039, 47.377994205798174], [8.579394617623388, 47.3779942064492], [8.579502830864774, 47.377994299976066], [8.57950294766651, 47.37799429952614], [8.57961191197027, 47.37799336581087], [8.579612036454701, 47.37799336411814], [8.579722252720101, 47.37799131097608], [8.579722374141717, 47.37799130811795], [8.579827916068824, 47.37798830525187], [8.579828229736783, 47.37798829233681], [8.57993279045748, 47.37798265385062], [8.579933148290861, 47.37798262931526], [8.580042297129573, 47.37797354040082], [8.580042692091162, 47.37797350102981], [8.58015503539645, 47.377960445588236], [8.580155350560004, 47.37796040474614], [8.58027145103205, 47.37794379450265], [8.580271744099313, 47.37794374884375], [8.580388970731661, 47.377923980881235], [8.580389256913572, 47.37792392897212], [8.58050962402082, 47.377900546406195], [8.580509822991814, 47.377900505942364], [8.580629636310821, 47.37787504104301], [8.580629780376036, 47.37787500945404], [8.580750427681128, 47.377847738551914], [8.580874955279503, 47.37781960012006], [8.580874963738498, 47.37781959820527], [8.580999492818497, 47.37779135965557], [8.581124710013484, 47.377762965197824], [8.581249257823268, 47.37773479963039], [8.581318382709581, 47.377719137256484], [8.58131305916656, 47.37770829692712], [8.581243941234579, 47.37772395772604]]]}}, {"type": "Feature", "properties": {"name": "ABAugeLinks 24"}, "geometry": {"type": "Polygon", "coordinates": [[[8.581236528251363, 47.377708848090606], [8.581111985987306, 47.37773701240271], [8.580986740667687, 47.37776541322914], [8.580862227582534, 47.3777936481506], [8.580737715593537, 47.37782178305414], [8.580617336885522, 47.37784899324195], [8.580498172627774, 47.377874320190195], [8.580378723154128, 47.37789752449566], [8.580262593773993, 47.37791710742786], [8.58014764526856, 47.377933552861926], [8.580036646349543, 47.37794645207217], [8.579928924276642, 47.37795542217873], [8.579825636020997, 47.37796099204679], [8.579720918692894, 47.3779639714515], [8.57961116817967, 47.37796601591759], [8.57950266088069, 47.377966945716935], [8.579394889940946, 47.3779668525725], [8.579288236225725, 47.37796575493895], [8.579181452606, 47.377963135038314], [8.579073612227745, 47.37795909102701], [8.57896240568324, 47.37795313035884], [8.57884209208783, 47.377944633382796], [8.578793992698497, 47.37794056916127], [8.578791915896634, 47.37795190928751], [8.578840099437295, 47.377955980619525], [8.5788402679141, 47.377955993685255], [8.578960769840254, 47.37796450396197], [8.578960978015544, 47.37796451689008], [8.57907238772134, 47.37797048844778], [8.579072585741013, 47.377970497466315], [8.579180605216852, 47.37797454819384], [8.579180765259526, 47.377974553157486], [8.579287717030553, 47.377977177183716], [8.579287893222288, 47.37797718025143], [8.579394693437223, 47.37797827939278], [8.579394810158535, 47.37797828004383], [8.57950269788921, 47.377978373289245], [8.57950281469091, 47.37797837283932], [8.579611442663237, 47.37797744200599], [8.579611567147632, 47.37797744031326], [8.57972144064301, 47.3779753935563], [8.579721562064586, 47.377975390698175], [8.579826497122554, 47.37797240509869], [8.579826810790424, 47.377972392183636], [8.57993043502758, 47.377966804197676], [8.579930792860852, 47.3779667796623], [8.580038891655434, 47.37795777818587], [8.580039286616909, 47.37795773881488], [8.580150640507165, 47.377944798353376], [8.580150955670632, 47.37794475751129], [8.580266208341824, 47.377928268560865], [8.580266501409001, 47.37792822290198], [8.580382920508804, 47.37790859111413], [8.580383206690637, 47.37790853920501], [8.580502898458263, 47.37788528783116], [8.580503097429208, 47.37788524736734], [8.580622433068603, 47.377859883993594], [8.580622577133772, 47.377859852404626], [8.580743026482391, 47.37783262624888], [8.580867542282013, 47.37780449048379], [8.580867550741003, 47.377804488569005], [8.580992068046466, 47.37777625269004], [8.581117303521303, 47.37774785409347], [8.581241844835816, 47.3777196899956], [8.581279292688533, 47.37771120503719], [8.581273969154326, 47.37770036470601], [8.581236528251363, 47.377708848090606]]]}}, {"type": "Feature", "properties": {"name": "ABAugeLinks 25"}, "geometry": {"type": "Polygon", "coordinates": [[[8.581229115291086, 47.37769373845043], [8.581104579504576, 47.37772190129699], [8.580979315903377, 47.377750306262584], [8.580854814612733, 47.37777853850883], [8.580730314431495, 47.37780667074356], [8.580610133651104, 47.377833836191535], [8.580491447071807, 47.377859061614416], [8.580372672936909, 47.37788213472801], [8.580257351089609, 47.37790158148553], [8.580143250383657, 47.377917905626695], [8.580033240878771, 47.377930689856996], [8.579926568848489, 47.377939572525676], [8.579824217076748, 47.37794509189349], [8.579720106616563, 47.37794805403165], [8.579610698871384, 47.377950092112656], [8.579502527906083, 47.37795101903006], [8.579395082474967, 47.37795092616706], [8.57928883708246, 47.377949832735936], [8.579182522134378, 47.377947224334044], [8.579075180942024, 47.377943199042335], [8.578964540655878, 47.3779372687257], [8.578844751976515, 47.37792880882119], [8.578819640648707, 47.377926687008895], [8.578817563852907, 47.37793802713565], [8.578842759327182, 47.377940156057996], [8.578842927803931, 47.377940169123725], [8.578962904813851, 47.377948642328896], [8.578963112989085, 47.37794865525701], [8.579073956436352, 47.377954596463155], [8.579074154455967, 47.3779546054817], [8.579181674745747, 47.377958637489606], [8.579181834788368, 47.377958642453244], [8.579288317887583, 47.37796125498073], [8.57928849407927, 47.377961258048444], [8.579394885971368, 47.377962352987375], [8.579395002692646, 47.37796235363841], [8.579502564914586, 47.3779624466024], [8.57950268171625, 47.377962446152466], [8.579610973354793, 47.37796151820109], [8.579611097839148, 47.377961516508364], [8.579720628566374, 47.37795947613648], [8.579720749987915, 47.37795947327835], [8.579825078177764, 47.377956504945416], [8.579825391845539, 47.37795649203038], [8.579928079598487, 47.37795095454468], [8.579928437431652, 47.37795093000933], [8.580035486183297, 47.37794201597079], [8.580035881144658, 47.3779419765998], [8.580146245620453, 47.37792915111828], [8.580146560783827, 47.37792911027621], [8.580260965655302, 47.37791274261871], [8.5802612587224, 47.37791269695985], [8.580376870289113, 47.377893201346716], [8.580377156470869, 47.37789314943762], [8.58049617289956, 47.3778700292557], [8.580496371870451, 47.37786998879188], [8.580615229831112, 47.37784472694355], [8.580615373896235, 47.37784469535461], [8.580735625290124, 47.37781751394481], [8.580860129309638, 47.37778938084229], [8.58086013776863, 47.377789378927496], [8.580984643278653, 47.37776114572395], [8.581109897045668, 47.37773274298583], [8.581234431871707, 47.37770458035596], [8.581240202679274, 47.37770327280456], [8.58123487915388, 47.37769243247158], [8.581229115291086, 47.37769373845043]]]}}, {"type": "Feature", "properties": {"name": "ABAugeLinks 26"}, "geometry": {"type": "Polygon", "coordinates": [[[8.581097173026054, 47.377706790190736], [8.580971891143278, 47.377735199295564], [8.5808474016269, 47.37776342887113], [8.580722913273659, 47.37779155843249], [8.580602930420165, 47.37781867914079], [8.58048472151969, 47.37784380303823], [8.580366622723517, 47.377866744959945], [8.58025210840795, 47.37788605554296], [8.580138855500994, 47.37790225839133], [8.580029835410006, 47.377914927641676], [8.579924213422006, 47.37792372287252], [8.579822798132994, 47.37792919174012], [8.57971929454069, 47.37793213661175], [8.579610229565024, 47.37793416830763], [8.57950239493063, 47.377935092343115], [8.579395275009732, 47.37793499976155], [8.579289437937605, 47.3779339105328], [8.579183591663385, 47.37793131362977], [8.579076749654822, 47.377927307057575], [8.578966675627182, 47.37792140709248], [8.578847411863515, 47.37791298425946], [8.578845288585466, 47.37791280485071], [8.57884321179575, 47.37792414497797], [8.578845419215455, 47.377924331496374], [8.578845587692145, 47.37792434456208], [8.57896503978614, 47.37793278069573], [8.578965247961307, 47.37793279362383], [8.579075525149864, 47.37793870447844], [8.579075723169423, 47.377938713496974], [8.579182744275261, 47.3779427267854], [8.579182904317838, 47.37794273174904], [8.57928891874305, 47.37794533277764], [8.579289094934682, 47.37794533584535], [8.579395078506254, 47.37794642658189], [8.579395195227496, 47.37794642723293], [8.579502431939117, 47.377946519915504], [8.57950254874075, 47.37794651946556], [8.579610504048263, 47.3779455943961], [8.57961062853258, 47.37794559270336], [8.579719816490197, 47.37794355871662], [8.579719937911705, 47.377943555858494], [8.579823659233469, 47.3779406047921], [8.579823972901151, 47.377940591877056], [8.579925724171058, 47.37793510489158], [8.579926082004114, 47.377935080356224], [8.580032080713153, 47.37792625375557], [8.580032475674399, 47.377926214384594], [8.580141850735997, 47.377913503883065], [8.580142165899284, 47.377913463041], [8.580255722971506, 47.37789721667634], [8.580256016038522, 47.37789717101748], [8.58037082007324, 47.377877811578884], [8.580371106254916, 47.37787775966979], [8.580489447344709, 47.37785477067981], [8.580489646315549, 47.377854730216], [8.580608026597114, 47.37782956989317], [8.58060817066219, 47.37782953830424], [8.580728224108862, 47.37780240163873], [8.580852716320564, 47.377774271204984], [8.580852724779549, 47.37777426929021], [8.580977218515052, 47.377746038757394], [8.581102490562479, 47.377717631880316], [8.581201081657209, 47.377695336247626], [8.581195767386648, 47.377684493819885], [8.581097173026054, 47.377706790190736]]]}}, {"type": "Feature", "properties": {"name": "ABAugeLinks 27"}, "geometry": {"type": "Polygon", "coordinates": [[[8.581089766551734, 47.377691679084], [8.580964466387398, 47.37772009232801], [8.580839988645721, 47.377748319232815], [8.580715512120028, 47.37777644612091], [8.58059572719327, 47.3778035220896], [8.580477995971911, 47.377828544461536], [8.580360572513277, 47.37785135519158], [8.58024686572903, 47.377870529600166], [8.580134460621203, 47.37788661115571], [8.580026429943509, 47.37789916542618], [8.579921857996597, 47.37790787321931], [8.579821379190054, 47.377913291586715], [8.57971848246614, 47.377916219191775], [8.579609760258068, 47.37791824450259], [8.579502261956113, 47.37791916565614], [8.579395467542566, 47.377919073356004], [8.579290038792957, 47.377917988329656], [8.57918466119107, 47.37791540292544], [8.579078318367152, 47.37791141507275], [8.578968810597173, 47.37790554545914], [8.57887123914986, 47.3778986546243], [8.57886949931959, 47.37791002088345], [8.57896717475712, 47.377916919062464], [8.57896738293222, 47.37791693199058], [8.579077093862926, 47.37792281249367], [8.579077291882424, 47.3779228215122], [8.579183813803454, 47.37792681608109], [8.57918397384598, 47.377926821044724], [8.579289519598706, 47.377929410574545], [8.579289695790285, 47.37792941364224], [8.579395271039212, 47.37793050017638], [8.579395387760421, 47.37793050082741], [8.579502298964584, 47.377930593228555], [8.57950241576618, 47.37793059277861], [8.579610034741151, 47.377929670591094], [8.579610159225428, 47.377929668898375], [8.579719004415333, 47.37792764129667], [8.579719125836805, 47.37792763843855], [8.579822240289987, 47.37792470463873], [8.579822553957575, 47.3779246917237], [8.579923368744726, 47.37791925523843], [8.579923726577679, 47.37791923070308], [8.58002867524527, 47.37791049154017], [8.580029070206397, 47.377910452169196], [8.580137455854421, 47.37789785664758], [8.58013777101762, 47.37789781580553], [8.580250480290426, 47.37788169073373], [8.580250773357358, 47.37788164507488], [8.580364769860537, 47.37786242181077], [8.580365056042137, 47.37786236990169], [8.580482721794171, 47.37783951210339], [8.580482920764958, 47.3778394716396], [8.580600823367826, 47.3778144128422], [8.580600967432863, 47.377814381253295], [8.580720823041156, 47.3777872893074], [8.580845303335918, 47.37775916156714], [8.580845311794901, 47.377759159652356], [8.580969793755665, 47.37773093179033], [8.58109508408349, 47.377702520774314], [8.581161959394658, 47.37768739743864], [8.58115664513292, 47.3776765550091], [8.581089766551734, 47.377691679084]]]}}, {"type": "Feature", "properties": {"name": "ABAugeLinks 28"}, "geometry": {"type": "Polygon", "coordinates": [[[8.581082360081624, 47.377676567976756], [8.580957041635731, 47.37770498535996], [8.58083257567699, 47.37773320959216], [8.580708110970598, 47.37776133380883], [8.580588523971207, 47.37778836503773], [8.580471270427017, 47.3778132858846], [8.580354522306875, 47.377835965422804], [8.580241623053459, 47.37785500365707], [8.580130065743708, 47.377870963919925], [8.580023024478736, 47.37788340321061], [8.579919502573146, 47.37789202356596], [8.579819960247951, 47.37789739143322], [8.579717670390323, 47.37790030177178], [8.579609290951367, 47.377902320697515], [8.57950212898165, 47.37790323896912], [8.579395660077033, 47.3779031469504], [8.579290639647324, 47.37790206612644], [8.57918573071807, 47.377899492221026], [8.579079887077988, 47.377895523087844], [8.578970945565874, 47.377889683825764], [8.578897408221389, 47.37788449037056], [8.578895668397223, 47.377895856630154], [8.57896930972678, 47.37790105742914], [8.578969517901822, 47.377901070357254], [8.579078662574489, 47.37790692050881], [8.579078860593931, 47.37790692952734], [8.579184883330969, 47.377910905376716], [8.579185043373446, 47.37791091034036], [8.579290120453383, 47.37791348837135], [8.57929029664491, 47.37791349143905], [8.579395463573803, 47.37791457377081], [8.579395580294973, 47.37791457442184], [8.579502165990101, 47.37791466654157], [8.579502282791662, 47.37791466609162], [8.57960956543429, 47.37791374678605], [8.57960968991853, 47.377913745093316], [8.579718192339213, 47.37791172387673], [8.57971831376065, 47.377911721018606], [8.579820821347333, 47.37790880448529], [8.579821135014821, 47.37790879157024], [8.579921013320337, 47.377903405585144], [8.579921371153189, 47.37790338104981], [8.580025269779128, 47.37789472932468], [8.580025664740141, 47.37789468995372], [8.580133060975111, 47.37788220941193], [8.58013337613822, 47.3778821685699], [8.58024523761272, 47.377866164790824], [8.580245530679575, 47.37786611913199], [8.58035871965165, 47.377847032042254], [8.580359005833168, 47.37784698013319], [8.580475996246573, 47.37782425352676], [8.58047619521731, 47.37782421306298], [8.580593620142654, 47.377799255790734], [8.580593764207642, 47.37779922420181], [8.58071342186603, 47.37777217700081], [8.5808378903655, 47.377744051926555], [8.580837898824486, 47.37774405001177], [8.580962369000499, 47.377715824822744], [8.581087677607565, 47.37768740966807], [8.58112283714391, 47.37767945861633], [8.58111752289099, 47.377668616185], [8.581082360081624, 47.377676567976756]]]}}, {"type": "Feature", "properties": {"name": "ABAugeLinks 29"}, "geometry": {"type": "Polygon", "coordinates": [[[8.581074953615708, 47.37766145686901], [8.580949616888285, 47.37768987839141], [8.580825162704667, 47.37771809995272], [8.58070070982537, 47.37774622149626], [8.580581320753199, 47.37777320798541], [8.580464544886489, 47.37779802730714], [8.580348472103935, 47.3778205756537], [8.580236380380951, 47.377839477713685], [8.58012567086908, 47.377855316683885], [8.580019619015967, 47.377867640994864], [8.579917147150521, 47.37787617391254], [8.57981854130665, 47.3778814912797], [8.579716858316685, 47.37788438435171], [8.57960882164491, 47.37788639689238], [8.579501996006343, 47.37788731228206], [8.579395852610459, 47.37788722054478], [8.579291240502474, 47.37788614392322], [8.579186800243761, 47.377883581516556], [8.579081455788364, 47.37787963110288], [8.578973080533256, 47.37787382219228], [8.578923577278916, 47.377870326110774], [8.578921837460857, 47.37788169237082], [8.57897144469513, 47.37788519579574], [8.578971652870113, 47.37788520872383], [8.579080231285605, 47.377891028523905], [8.579080429304982, 47.37789103754242], [8.579185952857161, 47.37789499467228], [8.579186112899592, 47.37789499963592], [8.57929072130884, 47.377897566168166], [8.579290897500314, 47.377897569235856], [8.579395656107355, 47.377898647365214], [8.57939577282849, 47.37789864801625], [8.57950203301478, 47.37789873985453], [8.579502149816305, 47.3778987394046], [8.579609096127673, 47.377897822980934], [8.57960922061188, 47.37789782128822], [8.579717380265262, 47.377895806456685], [8.579717501686657, 47.37789580359856], [8.579819402405498, 47.37789290433179], [8.579819716072896, 47.377892891416764], [8.579918657896767, 47.37788755593179], [8.579919015729509, 47.37788753139646], [8.580021864314988, 47.37787896710903], [8.58002225927589, 47.377878927738095], [8.58012866609868, 47.37786656217603], [8.580128981261696, 47.37786652133401], [8.580239994938063, 47.37785063884763], [8.580240288004836, 47.3778505931888], [8.580352669446262, 47.37783164227338], [8.580352955627705, 47.377831590364345], [8.580469270703283, 47.3778089949496], [8.580469469673966, 47.37780895448583], [8.58058641692157, 47.37778409873879], [8.580586560986514, 47.37778406714987], [8.580706020683778, 47.37775706469628], [8.580830477389274, 47.37772894228768], [8.580830485848255, 47.377728940372904], [8.580954944249548, 47.37770071785465], [8.581080271131851, 47.377672298562224], [8.581083714905008, 47.3776715197807], [8.581078400660884, 47.37766067734756], [8.581074953615708, 47.37766145686901]]]}}, {"type": "Feature", "properties": {"name": "ABAugeLinks 30"}, "geometry": {"type": "Polygon", "coordinates": [[[8.580942192145049, 47.37767477142232], [8.58081774974613, 47.37770299031063], [8.580693308684348, 47.37773110918318], [8.580574117538697, 47.37775805093273], [8.580457819349808, 47.377782768729254], [8.58034242190447, 47.377805185884256], [8.580231137711177, 47.3778239517701], [8.580121275997012, 47.37783966944765], [8.580016213555204, 47.37785187877899], [8.579914791729538, 47.37786032425907], [8.579817122366181, 47.377865591126124], [8.5797160462435, 47.377868466931595], [8.579608352338704, 47.3778704730872], [8.579501863031975, 47.37787138559493], [8.579396045143739, 47.377871294139084], [8.579291841356053, 47.37787022171991], [8.579187869769413, 47.377867670812044], [8.579083024497772, 47.3778637391179], [8.57897521549933, 47.377857960558714], [8.578949746322413, 47.377856161844946], [8.578948006510458, 47.37786752810542], [8.578973579662167, 47.37786933416223], [8.578973787837088, 47.377869347090325], [8.579081799995738, 47.37787513653897], [8.579081998015058, 47.377875145557475], [8.579187022383325, 47.37787908396782], [8.57918718242571, 47.37787908893146], [8.579291322162732, 47.3778816439649], [8.57929149835415, 47.37788164703261], [8.579395848640758, 47.37788272095957], [8.579395965361861, 47.3778827216106], [8.579501900040393, 47.37788281316744], [8.57950201684188, 47.37788281271751], [8.579608626821308, 47.3778818991758], [8.57960875130548, 47.37788189748307], [8.579716568191763, 47.3778798890366], [8.579716689613122, 47.377879886178484], [8.579817983464482, 47.377877004178245], [8.579818297131785, 47.37787699126323], [8.579916302474855, 47.377871706278356], [8.579916660307493, 47.377871681743045], [8.580018458852843, 47.377863204893266], [8.580018853813627, 47.37786316552232], [8.580124271224816, 47.37785091493994], [8.580124586387742, 47.37785087409794], [8.580234752266133, 47.37783511290421], [8.580235045332822, 47.37783506724541], [8.580346619244349, 47.37781625250418], [8.58034690542572, 47.37781620059515], [8.580462545163858, 47.377793736372006], [8.580462744134486, 47.37779369590826], [8.58057921370397, 47.37776894168648], [8.580579357768865, 47.37776891009758], [8.58069861951026, 47.377741952390224], [8.580823064427275, 47.37771383264605], [8.58082307288625, 47.37771383073127], [8.580947519502809, 47.377685610886054], [8.581041894780284, 47.37766421024159], [8.581036567433774, 47.3776533707757], [8.580942192145049, 47.37767477142232]]]}}, {"type": "Feature", "properties": {"name": "ABAugeLinks 31"}, "geometry": {"type": "Polygon", "coordinates": [[[8.580934767406033, 47.37765966445276], [8.580810336780903, 47.377687880670514], [8.580685907547531, 47.377715996869576], [8.58056691432826, 47.37774289387959], [8.580451093817402, 47.37776751015086], [8.58033637170791, 47.37778979611455], [8.580225895045093, 47.37780842582611], [8.580116881127196, 47.37782402221128], [8.580012808096694, 47.377836116562946], [8.57991243630966, 47.37784447460547], [8.579815703426858, 47.37784969097244], [8.579715234169056, 47.377852549511466], [8.579607883032761, 47.37785454928196], [8.579501730057645, 47.37785545890779], [8.579396237677757, 47.37785536773335], [8.579292442209233, 47.377854299516564], [8.579188939294399, 47.3778517601075], [8.579084593206202, 47.37784784713279], [8.578981218485058, 47.37784230625262], [8.578979895030061, 47.37785369836979], [8.5790833687049, 47.377859244553925], [8.57908356672416, 47.37785925357243], [8.579188091908811, 47.37786317326332], [8.57918825195115, 47.37786317822694], [8.579291923016223, 47.377865721761594], [8.57929209920759, 47.377865724829284], [8.579396041174903, 47.37786679455387], [8.579396157895967, 47.3778667952049], [8.57950176706605, 47.37786688648032], [8.579501883867504, 47.3778668860304], [8.5796081575152, 47.37786597537058], [8.57960828199933, 47.377865973677864], [8.579715756117015, 47.377863971616506], [8.579715877538339, 47.37786396875837], [8.579816564524618, 47.37786110402461], [8.579816878191826, 47.37786109110959], [8.579913947054044, 47.37785585662484], [8.579914304886573, 47.37785583208952], [8.58001505339295, 47.37784744267731], [8.580015448353615, 47.377847403306376], [8.580119876353214, 47.3778352677037], [8.580120191516054, 47.377835226861706], [8.58022950959791, 47.377819586960435], [8.580229802664519, 47.37781954130164], [8.58034056904529, 47.3778008627347], [8.580340855226579, 47.3778008108257], [8.580455819628733, 47.37777847779391], [8.580456018599314, 47.377778437330164], [8.580572010491105, 47.37775378463357], [8.580572154555957, 47.37775375304469], [8.58069121846164, 47.37772684005637], [8.580815651459469, 47.3776987230062], [8.580815659918445, 47.377698721091406], [8.58094009476029, 47.37767050391695], [8.58099182398721, 47.377658773753474], [8.580986496652473, 47.37764793428508], [8.580934767406033, 47.37765966445276]]]}}, {"type": "Feature", "properties": {"name": "ABAugeLinks 32"}, "geometry": {"type": "Polygon", "coordinates": [[[8.580927342671226, 47.37764455748268], [8.580802923831005, 47.37767277102735], [8.580678506414918, 47.37770088455547], [8.580559711121962, 47.37772773682596], [8.580444368288402, 47.37775225157215], [8.580330321515465, 47.37777440634439], [8.580220652381712, 47.37779289988193], [8.58011248625999, 47.377808374974656], [8.58000940263991, 47.37782035434681], [8.57991008089146, 47.3778286249518], [8.579814284488023, 47.37783379081874], [8.579714422096782, 47.377836632091245], [8.579607413727064, 47.37783862547668], [8.579501597082482, 47.377839532220584], [8.57939643021074, 47.377839441327595], [8.579293043062615, 47.37783837731318], [8.579190008819339, 47.37783584940287], [8.579086161913155, 47.37783195514761], [8.579018746807755, 47.377828341711734], [8.579017423361202, 47.3778397338294], [8.579084937412564, 47.377843352568796], [8.57908513543177, 47.3778433615873], [8.579189161434272, 47.37784726255873], [8.579189321476559, 47.37784726752237], [8.57929252386991, 47.37784979955823], [8.579292700061226, 47.37784980262593], [8.57939623370801, 47.37785086814813], [8.579396350429043, 47.37785086879916], [8.579501634090871, 47.37785095979315], [8.57950175089229, 47.37785095934322], [8.579607688209338, 47.37785005156534], [8.579607812693428, 47.37785004987263], [8.57971494404443, 47.377848054196335], [8.579715065465718, 47.37784805133821], [8.579815145585245, 47.37784520387095], [8.57981545925236, 47.37784519095594], [8.579911591634898, 47.37784000697122], [8.57991194946732, 47.377839982435916], [8.580011647934803, 47.37783168046127], [8.580012042895357, 47.37783164109035], [8.580115481484183, 47.37781962046723], [8.580115796646927, 47.37781957962524], [8.580224266932397, 47.37780406101644], [8.580224559998927, 47.37780401535765], [8.58033451885038, 47.3777854729648], [8.58033480503159, 47.377785421055805], [8.580449094096997, 47.37776321921549], [8.580449293067522, 47.37776317875176], [8.580564807281721, 47.37773862758032], [8.580564951346528, 47.377738595991445], [8.580683817296528, 47.377711727749286], [8.580808238506108, 47.377683613363494], [8.58080824696508, 47.37768361144872], [8.580932670021983, 47.37765539694735], [8.580941753193096, 47.37765333724228], [8.580936425870128, 47.37764249777135], [8.580927342671226, 47.37764455748268]]]}}, {"type": "Feature", "properties": {"name": "ABAugeLinks 33"}, "geometry": {"type": "Polygon", "coordinates": [[[8.580795510873973, 47.37765766138627], [8.580671105286507, 47.37768577224086], [8.580552507920274, 47.37771257977176], [8.580437642763313, 47.377736992992965], [8.580324271326504, 47.37775901657387], [8.580215409721088, 47.37777737393749], [8.580108091395614, 47.37779272773784], [8.58000599718541, 47.37780459213049], [8.579907725474612, 47.377812775298025], [8.579812865549695, 47.377817890664964], [8.579713610024115, 47.37782071467099], [8.57960694442161, 47.37782270167136], [8.579501464109141, 47.37782360553335], [8.579396622743579, 47.377823514921765], [8.57929364391501, 47.377822455109715], [8.579191078342964, 47.37781993869819], [8.579087730619628, 47.377816063162385], [8.579056275110641, 47.37781437715849], [8.579054951672546, 47.37782576927664], [8.579086506119777, 47.37782746058361], [8.579086704138923, 47.37782746960212], [8.579190230958412, 47.37783135185409], [8.579190391000648, 47.377831356817715], [8.579293124722614, 47.37783387735482], [8.579293300913877, 47.377833880422514], [8.579396426240969, 47.377834941742336], [8.579396542961964, 47.37783494239336], [8.579501501117512, 47.377835033105946], [8.579501617918899, 47.37783503265602], [8.57960721890373, 47.37783412776007], [8.579607343387782, 47.377834126067334], [8.579714131971452, 47.37783213677611], [8.579714253392702, 47.377832133917984], [8.579813726646362, 47.37782930371722], [8.579814040313382, 47.3778292908022], [8.579909236217127, 47.37782415731752], [8.579909594049449, 47.377824132782216], [8.580008242478913, 47.377815918245034], [8.580008637439347, 47.37781587887413], [8.580111086618027, 47.37780397323054], [8.580111401780686, 47.37780393238857], [8.580219024269617, 47.37778853507219], [8.580219317336061, 47.377788489413426], [8.580328468658957, 47.37777008319452], [8.58032875484009, 47.377770031285536], [8.580442368569123, 47.377747960636626], [8.580442567539594, 47.37774792017291], [8.580557604077057, 47.37772347052647], [8.580557748141823, 47.3777234389376], [8.580676416151494, 47.37769661543812], [8.580800825546499, 47.37766850372267], [8.580800834005471, 47.37766850180789], [8.580891682711187, 47.37764790073196], [8.580886355340137, 47.377637061272075], [8.580795510873973, 47.37765766138627]]]}}, {"type": "Feature", "properties": {"name": "ABAugeLinks 34"}, "geometry": {"type": "Polygon", "coordinates": [[[8.580788097921594, 47.37764255174458], [8.580663704162301, 47.377670659925755], [8.580545304722257, 47.37769742271713], [8.58043091724201, 47.377721734413406], [8.58031822114102, 47.37774362680303], [8.580210167063843, 47.37776184799276], [8.580103696533824, 47.37777708050079], [8.580002591732388, 47.37778882991408], [8.57990537005917, 47.377796925644176], [8.579811446612824, 47.377801990511145], [8.579712797951897, 47.37780479725071], [8.579606475116405, 47.37780677786603], [8.579501331134077, 47.377807678846054], [8.579396815276263, 47.377807588515914], [8.579294244768189, 47.37780653290624], [8.579192147865271, 47.37780402799343], [8.57909377851258, 47.37780033914838], [8.579092851121104, 47.37781174930402], [8.579191300481225, 47.37781544114936], [8.579191460523413, 47.37781544611299], [8.579293725576102, 47.377817955151386], [8.57929390176731, 47.37781795821907], [8.579396618773778, 47.37781901533652], [8.57939673549474, 47.37781901598754], [8.579501368142427, 47.377819106418684], [8.579501484943775, 47.37781910596875], [8.579606749598362, 47.37781820395476], [8.579606874082383, 47.377818202262034], [8.579713319898925, 47.37781621935586], [8.57971344132014, 47.377816216497735], [8.579812307708963, 47.37781340356344], [8.579812621375892, 47.37781339064843], [8.579906880800742, 47.37780830766371], [8.579907238632952, 47.377808283128424], [8.58000483702451, 47.377800156028734], [8.580005231984828, 47.37780011665782], [8.580106691754448, 47.377788325993635], [8.580107006917016, 47.377788285151674], [8.580213781610206, 47.377773009127644], [8.580214074676567, 47.377772963468885], [8.580322418471031, 47.377754693423924], [8.580322704652092, 47.37775464151495], [8.580435643045105, 47.37773270205735], [8.580435842015525, 47.37773266159365], [8.58055040087587, 47.37770831347223], [8.580550544940584, 47.37770828188337], [8.580669014990255, 47.37768150313107], [8.5807934125911, 47.37765339408134], [8.580793421050071, 47.377653392166565], [8.58084161228584, 47.37764246421468], [8.580836284925608, 47.377631624752496], [8.580788097921594, 47.37764255174458]]]}}, {"type": "Feature", "properties": {"name": "ABAugeLinks 35"}, "geometry": {"type": "Polygon", "coordinates": [[[8.58078068498188, 47.377627442100454], [8.580656303042298, 47.37765554761016], [8.580538101528258, 47.37768226566206], [8.580424191725031, 47.377706475833314], [8.580312170958726, 47.377728237031874], [8.580204924409642, 47.37774632204772], [8.580099301674293, 47.37776143326357], [8.579999186281865, 47.3777730676975], [8.579903014644815, 47.377781075990235], [8.579810027676457, 47.37778609035726], [8.579711985880131, 47.377788879830376], [8.579606005812295, 47.3777908540606], [8.579501198159056, 47.37779175215872], [8.57939700780969, 47.377791662110006], [8.579294845619792, 47.3777906107027], [8.57919321738755, 47.377788117288645], [8.57913272011596, 47.37778584865443], [8.579131792733156, 47.377797258810446], [8.579192370004007, 47.37779953044463], [8.579192530046152, 47.37779953540826], [8.579294326428021, 47.37780203294785], [8.579294502619172, 47.37780203601554], [8.579396811307326, 47.37780308893064], [8.579396928028254, 47.37780308958166], [8.57950123516739, 47.37780317973139], [8.579501351968705, 47.37780317928146], [8.579606280294087, 47.37780228014935], [8.579606404778065, 47.377802278456635], [8.579712507826855, 47.37780030193556], [8.579712629248034, 47.37780029907742], [8.579810888772053, 47.377797503409596], [8.579811202438888, 47.377797490494586], [8.579904525385448, 47.37779245800984], [8.579904883217552, 47.37779243347456], [8.580001431572617, 47.377784393812234], [8.580001826532818, 47.377784354441346], [8.580102296893124, 47.37777267875658], [8.580102612055603, 47.377772637914624], [8.58020853895385, 47.3777574831828], [8.580208832020128, 47.37775743752405], [8.580316368286265, 47.377739303652994], [8.580316654467248, 47.377739251744046], [8.580428917525396, 47.377717443477565], [8.580429116495763, 47.377717403013854], [8.580543197679402, 47.37769315641741], [8.58054334174407, 47.37769312482855], [8.580661613947113, 47.37766639079777], [8.58078599965037, 47.37763828443713], [8.580786008109344, 47.377638282522355], [8.580791541870921, 47.37763702767556], [8.580786214521495, 47.37762618821105], [8.58078068498188, 47.377627442100454]]]}}, {"type": "Feature", "properties": {"name": "ABAugeLinks 36"}, "geometry": {"type": "Polygon", "coordinates": [[[8.5806489019265, 47.37764043529403], [8.580530898338319, 47.37766710860652], [8.580417466211477, 47.377691217252874], [8.580306120779946, 47.37771284726036], [8.580199681758447, 47.377730796102455], [8.580094906817672, 47.377745786026125], [8.579995780833078, 47.377757305480806], [8.579900659232127, 47.37776522633621], [8.579808608740914, 47.37777019020329], [8.579711173809686, 47.37777296240995], [8.579605536506758, 47.37777493025516], [8.57950106518497, 47.377775825471346], [8.579397200342079, 47.377775735704056], [8.579295446471594, 47.37777468849911], [8.57919428690917, 47.377772206583806], [8.579171661698066, 47.37777135814715], [8.579170734323927, 47.37778276830355], [8.579193439526113, 47.37778361973984], [8.579193599568216, 47.377783624703454], [8.579294927280133, 47.3777861107443], [8.57929510347123, 47.37778611381201], [8.57939700383984, 47.37778716252472], [8.579397120560733, 47.37778716317575], [8.57950110219329, 47.37778725304404], [8.579501218994567, 47.3777872525941], [8.579605810988392, 47.37778635634395], [8.579605935472335, 47.377786354651235], [8.579711695756103, 47.377784384515174], [8.579711817177246, 47.377784381657044], [8.579809469835965, 47.37778160325566], [8.579809783502704, 47.37778159034067], [8.579902169971819, 47.37777660835587], [8.579902527803815, 47.37777658382059], [8.579998026122459, 47.377768631595636], [8.57999842108255, 47.377768592224754], [8.580097902034687, 47.37775703151925], [8.580098217197074, 47.37775699067732], [8.580203296300535, 47.377741957237724], [8.580203589366736, 47.37774191157899], [8.580310318105004, 47.377723913881745], [8.580310604285906, 47.377723861972804], [8.580422192009083, 47.37770218489743], [8.580422390979397, 47.37770214443374], [8.580535994486427, 47.377677999362234], [8.580536138551052, 47.3776779677734], [8.580654212805621, 47.377651278487136], [8.580741374236998, 47.3776315833908], [8.580736063816357, 47.377620740094436], [8.5806489019265, 47.37764043529403]]]}}, {"type": "Feature", "properties": {"name": "ABAugeLinks 37"}, "geometry": {"type": "Polygon", "coordinates": [[[8.5806415008149, 47.3776253229774], [8.58052369515314, 47.377651951550355], [8.580410740701746, 47.37767595867204], [8.580300070604958, 47.37769745748845], [8.580194439110342, 47.377715270156905], [8.580090511963274, 47.37773013878852], [8.57999237538657, 47.37774154326393], [8.57989830382081, 47.37774937668208], [8.579807189806184, 47.37775429004929], [8.579710361737995, 47.37775704498952], [8.579605067203143, 47.37775900644964], [8.579500932210928, 47.37775989878393], [8.579397392874323, 47.37775980929806], [8.579296047322414, 47.377758766295464], [8.579242450596942, 47.37775745132919], [8.579241843322457, 47.37776887141334], [8.579295528131262, 47.3777701885407], [8.579295704322305, 47.37777019160839], [8.579397196372204, 47.37777123611876], [8.579397313093065, 47.37777123676979], [8.579500969219236, 47.37777132635665], [8.579501086020478, 47.377771325906714], [8.579605341684617, 47.37777043253847], [8.57960546616852, 47.37777043084574], [8.579710883684093, 47.37776846709477], [8.579711005105198, 47.377768464236645], [8.579808050900695, 47.377765703101716], [8.579808364567343, 47.37776569018671], [8.579899814559571, 47.377760758701804], [8.579900172391463, 47.37776073416653], [8.579994620674565, 47.37775286937885], [8.579995015634536, 47.377752830008], [8.580093507178503, 47.3777413842818], [8.580093822340805, 47.37774134343987], [8.580198053650276, 47.37772643129235], [8.580198346716394, 47.37772638563363], [8.580304267927552, 47.377708524110076], [8.580304554108379, 47.37770847220115], [8.580415466496623, 47.3776869263169], [8.580415665466885, 47.37768688585322], [8.580528791298164, 47.37766284230644], [8.580528935362743, 47.37766281071761], [8.580646811663794, 47.377636166177034], [8.580691201840162, 47.37762613573258], [8.58068589143036, 47.37761529243392], [8.5806415008149, 47.3776253229774]]]}}, {"type": "Feature", "properties": {"name": "ABAugeLinks 38"}, "geometry": {"type": "Polygon", "coordinates": [[[8.58051649197138, 47.37763679449388], [8.58040401519589, 47.377660700090786], [8.580294020433467, 47.377682067716194], [8.580189196465268, 47.377699744211064], [8.580086117111794, 47.37771449155066], [8.579988969941525, 47.37772578104699], [8.579895948410881, 47.377733527027885], [8.579805770872285, 47.37773838989523], [8.579709549668463, 47.37774112756901], [8.579604597898935, 47.37774308264411], [8.579500799236055, 47.37774397209647], [8.579397585406412, 47.37774388289199], [8.579357316901861, 47.37774346847748], [8.57935706203436, 47.37775489469755], [8.579397388904427, 47.37775530971273], [8.579397505625245, 47.37775531036377], [8.579500836244337, 47.37775539966922], [8.579500953045548, 47.37775539921928], [8.579604872380255, 47.37775450873296], [8.579604996864127, 47.37775450704025], [8.57971007161425, 47.3777525496743], [8.579710193035314, 47.377752546816176], [8.579806631966251, 47.37774980294768], [8.579806945632804, 47.37774979003268], [8.5798974591487, 47.377744909047664], [8.579897816980488, 47.3777448845124], [8.579991215228157, 47.377737107162005], [8.579991610188015, 47.37773706779116], [8.580089112325206, 47.37772573704406], [8.580089427487412, 47.37772569620215], [8.580192811003064, 47.37771090534671], [8.5801931040691, 47.377710859688], [8.580298217753596, 47.37769313433806], [8.580298503934342, 47.377693082429154], [8.580408740988018, 47.37767166773594], [8.580408939958227, 47.37767162727227], [8.580521588113383, 47.37764768525032], [8.580521732177917, 47.377647653661505], [8.580631505530258, 47.37762284070161], [8.580626193480397, 47.37761199777373], [8.58051649197138, 47.37763679449388]]]}}, {"type": "Feature", "properties": {"name": "ABAugeLinks 39"}, "geometry": {"type": "Polygon", "coordinates": [[[8.580509288795016, 47.37762163743662], [8.580397289693883, 47.377645441509074], [8.580287970265132, 47.37766667794364], [8.580183953822939, 47.377684218265], [8.580081722262857, 47.37769884431259], [8.579985564499006, 47.37771001882983], [8.579893593002048, 47.377717677373596], [8.579804351939194, 47.37772248974111], [8.579708737598521, 47.3777252101485], [8.579604128594994, 47.377727158838525], [8.57950066626211, 47.377728045408944], [8.579484230075318, 47.37772803120989], [8.5794842086769, 47.37773945873221], [8.579500703270378, 47.37773947298174], [8.579500820071551, 47.377739472531815], [8.579604403076145, 47.377738584927414], [8.579604527559974, 47.377738583234695], [8.579709259544003, 47.37773663225381], [8.579709380965037, 47.37773662939569], [8.579805213032625, 47.377733902793615], [8.579805526699085, 47.37773388987862], [8.57989510373893, 47.37772905939343], [8.579895461570606, 47.37772903485818], [8.579987809784258, 47.37772134494494], [8.579988204744001, 47.37772130557411], [8.580084717474477, 47.377710089806136], [8.580085032636594, 47.37771004896424], [8.580187568358573, 47.37769537940084], [8.580187861424525, 47.37769533374214], [8.580292167582806, 47.37767774456575], [8.58029245376348, 47.37767769265685], [8.580402015483266, 47.377656409154525], [8.580402214453422, 47.37765636869087], [8.580514384933956, 47.37763252819342], [8.580514528998448, 47.377632496604626], [8.580542920247307, 47.37762607911315], [8.58053760821533, 47.37761523618122], [8.580509288795016, 47.37762163743662]]]}}, {"type": "Feature", "properties": {"name": "ABAugeLinks 40"}, "geometry": {"type": "Polygon", "coordinates": [[[8.580390564195715, 47.37763018292697], [8.580281920100616, 47.37765128817068], [8.580178711183986, 47.377668692318615], [8.58007732741619, 47.37768319707437], [8.579982159058206, 47.37769425661261], [8.579891237594884, 47.37770182771921], [8.579802933007265, 47.37770658958691], [8.579707925529044, 47.37770929272788], [8.57962558369415, 47.37771082662595], [8.579626044896157, 47.377722249862806], [8.579708447474218, 47.37772071483325], [8.579708568895212, 47.37772071197513], [8.579803794100151, 47.37771800263944], [8.579804107766519, 47.37771798972446], [8.579892748330819, 47.37771320973911], [8.579893106162388, 47.377713185203866], [8.579984404342097, 47.377705582727806], [8.579984799301732, 47.377705543356996], [8.580080322626012, 47.37769444256806], [8.580080637788038, 47.37769440172617], [8.58018232571746, 47.37767985345464], [8.58018261878333, 47.377679807795964], [8.580286117415833, 47.377662354793046], [8.58028640359643, 47.37766230288417], [8.580395289982372, 47.3776411505727], [8.580395488952474, 47.37764111010907], [8.580450126185813, 47.37762949763345], [8.580445102301534, 47.37761859151983], [8.580390564195715, 47.37763018292697]]]}}, {"type": "Feature", "properties": {"name": "ABAugeLinks 41"}, "geometry": {"type": "Polygon", "coordinates": [[[8.580275869939632, 47.377635898397365], [8.58017346854805, 47.37765316637198], [8.580072932572069, 47.377667549835955], [8.57997875361971, 47.37767849439516], [8.579888882189074, 47.37768597806475], [8.579801514075497, 47.37769068943267], [8.579788038691987, 47.37769107283738], [8.579788742770841, 47.377702490357336], [8.579802375167837, 47.377702102485244], [8.579802688834107, 47.37770208957026], [8.57989039292409, 47.377697360084696], [8.57989075075556, 47.37769733554947], [8.5799809989022, 47.37768982051046], [8.579981393861708, 47.377689781139644], [8.580075927780106, 47.377678795329786], [8.580076242942047, 47.37767875448791], [8.580177083079391, 47.37766432750819], [8.58017737614518, 47.377664281849526], [8.580280067252357, 47.37764696501997], [8.580280353432872, 47.37764691311109], [8.580337312832603, 47.37763584817108], [8.58033268691121, 47.37762486112553], [8.580275869939632, 47.377635898397365]]]}}]}